customer_id,age,tenure_months,contract_type,monthly_charges,total_charges,internet_addon,support_calls,tech_issues_reported,payment_delay_days,churned
10001,51,52,Two Year,45.47,2320.48,No,2,0,0,0
10002,33,15,Month-to-Month,104.09,1607.69,No,0,0,0,0
10003,42,61,One Year,23.84,1352.3,No,1,1,5,0
10004,54,21,Month-to-Month,110.18,2117.94,No,2,0,2,1
10005,25,24,One Year,66.15,1352.89,No,1,1,0,0
10006,46,3,Month-to-Month,83.72,255.01,No,2,0,3,1
10007,69,22,Month-to-Month,85.94,1909.96,Yes,2,1,6,1
10008,63,53,Two Year,109.51,5054.68,Yes,0,0,3,0
10009,42,2,Month-to-Month,83.67,161.55,Yes,1,1,1,1
10010,59,30,Two Year,81.39,2302.03,Yes,1,3,1,0
10011,40,38,Two Year,26.67,885.5,Yes,0,0,4,0
10012,51,2,Month-to-Month,71.84,150.31,Yes,0,1,0,1
10013,20,64,Month-to-Month,35.02,2001.33,Yes,2,2,0,1
10014,47,60,One Year,93.74,4856.37,Yes,0,1,1,0
10015,67,21,Two Year,71.22,1449.21,Yes,2,1,2,1
10016,70,33,Two Year,88.02,2898.19,Yes,0,1,1,0
10017,51,58,Month-to-Month,24.17,1200.68,No,0,1,1,0
10018,49,22,One Year,28.48,615.12,No,0,4,0,0
10019,70,49,Month-to-Month,91.63,4294.37,No,0,2,0,0
10020,46,59,Two Year,27.21,1397.74,Yes,1,1,0,1
10021,26,42,Two Year,27.13,1007.86,Yes,1,1,2,0
10022,19,60,Month-to-Month,21.21,1226.27,Yes,3,1,2,1
10023,74,15,Month-to-Month,115.65,1577.36,No,1,0,2,1
10024,56,62,Month-to-Month,93.75,6031.42,Yes,4,0,1,0
10025,24,62,Month-to-Month,55.33,3477.62,Yes,1,0,0,0
10026,63,47,Two Year,49.65,2442.56,No,0,1,1,0
10027,22,62,Month-to-Month,54.97,3073.92,Yes,1,0,0,1
10028,25,51,Month-to-Month,97.47,5189.42,Yes,1,3,0,1
10029,49,55,Month-to-Month,86.14,4435.66,Yes,2,0,1,0
10030,72,64,Two Year,38.52,2266.83,Yes,2,0,16,1
10031,71,3,One Year,37.41,96.53,Yes,1,0,1,0
10032,35,51,Month-to-Month,29.84,1309.62,Yes,3,2,8,1
10033,55,7,Month-to-Month,86.03,595.23,No,1,0,1,0
10034,63,21,Two Year,96.44,1906.94,No,0,1,1,1
10035,35,39,Two Year,46.5,1623.63,Yes,1,2,4,0
10036,66,18,Month-to-Month,22.09,386.8,No,2,1,0,0
10037,58,4,Month-to-Month,28.22,101.66,Yes,1,2,0,1
10038,62,60,Month-to-Month,116.79,6765.83,Yes,1,1,10,1
10039,33,14,Month-to-Month,49.54,639.35,Yes,0,1,2,1
10040,38,9,One Year,96.92,885.11,Yes,0,0,0,0
10041,27,53,Two Year,82.47,4432.71,Yes,0,0,0,0
10042,59,2,Month-to-Month,58.19,110.03,Yes,0,2,7,1
10043,21,60,Two Year,40.57,2239.86,No,1,0,6,0
10044,61,71,Month-to-Month,32.14,2105.12,Yes,1,1,1,0
10045,25,44,One Year,81.5,3625.96,Yes,1,0,0,0
10046,64,8,One Year,97.46,713.9,No,0,0,5,1
10047,70,47,Month-to-Month,84.39,3537.22,Yes,1,0,1,0
10048,72,35,Month-to-Month,73.03,2215.94,Yes,4,1,1,1
10049,36,36,One Year,24.2,821.84,No,2,2,3,0
10050,64,50,Month-to-Month,116.85,5529.5,Yes,0,0,1,0
10051,57,4,Month-to-Month,99.87,406.74,Yes,2,2,2,1
10052,57,2,Month-to-Month,49.28,88.14,Yes,0,0,6,1
10053,68,6,Two Year,118.0,655.75,Yes,1,0,4,1
10054,26,54,Month-to-Month,80.19,4380.84,Yes,1,1,1,0
10055,47,4,Two Year,78.24,317.57,Yes,1,1,1,1
10056,73,54,Month-to-Month,94.81,4745.6,No,2,1,1,0
10057,34,63,One Year,101.18,6003.51,No,3,1,1,1
10058,57,18,One Year,85.65,1403.96,Yes,2,0,2,0
10059,61,44,Two Year,32.81,1496.35,No,0,2,1,0
10060,32,34,Month-to-Month,53.83,1599.12,No,1,1,0,1
10061,21,62,One Year,112.81,7251.26,Yes,0,1,0,0
10062,23,14,One Year,42.46,586.58,Yes,1,0,1,1
10063,33,48,Month-to-Month,57.22,2626.57,Yes,2,3,2,1
10064,43,15,Month-to-Month,63.21,812.12,No,2,1,2,1
10065,74,62,Month-to-Month,63.94,3746.72,Yes,0,3,1,0
10066,54,40,Month-to-Month,81.29,3029.03,No,0,1,4,1
10067,40,53,Two Year,114.31,5345.01,Yes,1,0,4,0
10068,30,24,Month-to-Month,44.07,1037.88,Yes,0,1,1,0
10069,64,26,Month-to-Month,32.15,872.87,Yes,0,0,0,0
10070,34,60,One Year,39.75,2295.41,Yes,2,0,2,0
10071,74,41,Month-to-Month,108.69,4424.88,No,0,0,1,0
10072,71,29,Month-to-Month,84.58,2118.48,No,0,0,0,0
10073,44,15,Month-to-Month,48.59,680.41,Yes,2,0,12,1
10074,69,45,Two Year,101.59,3992.21,No,2,1,1,1
10075,39,65,Two Year,106.14,6709.78,No,3,0,2,1
10076,54,71,Two Year,104.65,7710.24,Yes,1,0,2,0
10077,36,9,Month-to-Month,111.89,989.24,No,2,1,0,1
10078,56,1,One Year,45.22,39.13,Yes,1,0,0,1
10079,52,8,Month-to-Month,95.5,703.59,Yes,2,0,2,1
10080,30,63,Month-to-Month,66.05,3995.26,Yes,1,0,0,1
10081,31,11,Month-to-Month,104.2,1066.7,No,3,1,0,1
10082,65,8,One Year,92.85,755.23,Yes,1,1,9,1
10083,48,35,Month-to-Month,97.64,3461.6,No,1,2,1,1
10084,62,35,Month-to-Month,85.62,2913.89,No,4,0,0,1
10085,19,33,Month-to-Month,37.74,1151.63,Yes,0,0,1,0
10086,63,5,Month-to-Month,74.5,335.65,Yes,2,1,2,1
10087,69,41,One Year,118.47,4231.53,Yes,2,1,1,0
10088,56,28,Month-to-Month,113.74,2933.06,Yes,1,0,0,1
10089,54,7,One Year,24.32,158.77,Yes,4,0,1,1
10090,31,12,Month-to-Month,36.48,431.27,Yes,2,0,0,1
10091,26,34,Two Year,33.17,1107.06,Yes,4,0,2,0
10092,27,33,One Year,92.6,2640.28,Yes,0,0,2,0
10093,24,48,Month-to-Month,101.78,4538.83,Yes,1,1,0,1
10094,45,23,Month-to-Month,41.35,842.97,Yes,3,2,1,1
10095,63,62,One Year,70.59,3857.35,No,3,1,1,0
10096,42,37,Two Year,104.07,3910.12,No,1,0,2,0
10097,63,44,Month-to-Month,93.28,3523.08,Yes,0,1,1,0
10098,74,35,Month-to-Month,74.22,2425.83,Yes,1,1,1,1
10099,45,65,Two Year,79.03,4539.22,Yes,2,2,12,1
10100,19,47,One Year,70.84,3415.6,Yes,2,1,0,0
10101,34,3,Month-to-Month,49.75,143.49,Yes,2,0,13,1
10102,69,1,Month-to-Month,76.5,68.57,Yes,1,0,0,1
10103,21,5,Month-to-Month,88.89,422.44,No,1,1,1,1
10104,30,14,One Year,107.33,1497.06,Yes,3,1,2,0
10105,35,27,Month-to-Month,83.63,2352.0,No,3,0,0,1
10106,20,9,Two Year,96.11,773.38,Yes,2,0,0,1
10107,68,15,Month-to-Month,36.01,554.86,Yes,3,0,0,0
10108,54,42,Month-to-Month,66.16,2881.15,Yes,2,1,10,1
10109,50,51,One Year,20.93,1102.96,Yes,2,1,1,0
10110,58,63,Two Year,44.67,2749.72,Yes,1,0,2,0
10111,41,52,Two Year,92.65,4702.0,Yes,0,0,3,0
10112,25,4,Month-to-Month,119.18,443.66,Yes,1,0,4,1
10113,52,23,One Year,29.92,688.49,Yes,2,4,3,1
10114,19,15,One Year,60.15,862.78,No,3,1,1,1
10115,50,43,Month-to-Month,100.01,4238.02,No,2,1,0,1
10116,29,29,Month-to-Month,40.4,1096.26,Yes,1,0,0,0
10117,39,36,Month-to-Month,75.51,2708.3,Yes,1,1,0,0
10118,30,13,Month-to-Month,93.31,1231.1,Yes,0,1,0,1
10119,27,32,Two Year,81.6,2295.99,No,0,1,0,0
10120,34,71,Month-to-Month,38.8,2800.49,Yes,3,0,8,0
10121,60,59,Two Year,55.54,3139.43,Yes,1,1,7,1
10122,22,28,Month-to-Month,98.38,2806.79,Yes,2,3,0,1
10123,74,66,One Year,75.42,4660.44,Yes,2,0,0,0
10124,26,42,Month-to-Month,20.52,797.9,Yes,1,3,0,1
10125,30,45,Month-to-Month,96.1,4467.26,No,1,1,0,1
10126,69,62,Month-to-Month,23.53,1313.32,No,2,2,0,0
10127,40,57,Month-to-Month,94.57,5492.06,Yes,2,0,8,0
10128,47,6,One Year,40.25,228.65,Yes,1,1,0,0
10129,60,28,Month-to-Month,115.81,3089.69,Yes,2,0,0,0
10130,72,28,One Year,56.79,1449.7,Yes,1,0,0,1
10131,21,44,Month-to-Month,52.69,2236.31,No,0,0,11,1
10132,38,30,Month-to-Month,34.89,957.77,Yes,0,0,7,1
10133,60,62,Month-to-Month,50.56,2689.13,Yes,0,3,3,0
10134,26,62,Two Year,107.67,6037.36,Yes,4,0,1,1
10135,24,1,One Year,119.63,101.84,No,3,3,0,1
10136,33,27,Month-to-Month,56.83,1604.49,Yes,3,2,0,1
10137,40,62,Month-to-Month,64.86,4194.84,Yes,0,0,1,0
10138,40,3,Month-to-Month,92.21,257.0,Yes,2,2,4,1
10139,48,70,Two Year,108.62,7570.51,Yes,2,0,0,0
10140,74,27,One Year,79.3,1968.02,No,2,0,1,0
10141,22,9,Month-to-Month,59.15,523.95,Yes,3,2,2,1
10142,23,62,One Year,61.26,3840.23,Yes,2,0,0,0
10143,68,37,Month-to-Month,89.56,3444.12,Yes,1,1,2,0
10144,18,51,Two Year,20.32,963.82,No,1,1,1,0
10145,65,44,Month-to-Month,81.96,3630.26,Yes,0,2,0,0
10146,45,24,One Year,55.55,1204.13,Yes,1,3,1,0
10147,35,59,Month-to-Month,99.42,6147.73,Yes,1,1,7,1
10148,41,32,One Year,29.3,801.79,No,1,0,1,0
10149,30,52,One Year,78.82,3978.57,No,0,1,1,0
10150,50,62,One Year,68.1,4145.78,No,0,1,0,0
10151,27,58,One Year,84.23,4824.81,Yes,2,2,2,0
10152,24,52,Two Year,26.49,1204.02,Yes,3,1,5,0
10153,54,12,Month-to-Month,78.0,971.29,No,1,0,1,1
10154,49,39,Month-to-Month,76.15,2631.99,Yes,2,0,0,1
10155,62,2,Month-to-Month,76.07,148.27,Yes,1,1,9,1
10156,39,3,Two Year,80.35,215.63,No,2,2,4,1
10157,33,56,Month-to-Month,87.65,4473.73,Yes,1,1,2,0
10158,41,59,One Year,100.5,5688.12,Yes,2,2,1,0
10159,69,2,One Year,46.98,87.71,No,1,1,0,1
10160,71,2,Month-to-Month,102.5,180.82,No,1,0,3,1
10161,31,54,Month-to-Month,69.83,3334.11,Yes,2,1,2,0
10162,28,1,Month-to-Month,27.71,25.87,Yes,2,1,2,1
10163,36,19,Month-to-Month,25.86,492.06,Yes,2,2,0,0
10164,40,2,Month-to-Month,53.42,110.0,Yes,1,2,2,1
10165,51,53,Month-to-Month,98.49,4524.8,Yes,1,0,5,1
10166,57,44,Two Year,90.77,3708.8,Yes,0,0,8,0
10167,30,32,Two Year,98.86,2752.42,No,2,0,0,0
10168,56,70,Month-to-Month,71.73,4284.6,No,3,0,2,0
10169,61,32,Month-to-Month,64.02,2012.47,No,1,2,2,1
10170,45,68,Month-to-Month,34.75,2293.27,Yes,1,0,6,0
10171,57,55,One Year,52.82,2564.05,Yes,0,0,4,0
10172,33,56,Two Year,63.4,3183.87,No,0,1,10,0
10173,67,17,Month-to-Month,28.86,419.35,Yes,0,1,9,1
10174,68,38,Month-to-Month,42.06,1625.43,Yes,0,1,0,0
10175,45,24,One Year,79.82,2001.77,Yes,0,0,3,0
10176,21,69,One Year,93.57,5662.79,No,2,0,2,0
10177,45,70,Month-to-Month,119.83,7518.21,No,2,0,0,1
10178,74,11,One Year,113.31,1275.93,Yes,2,1,0,1
10179,29,16,Month-to-Month,84.26,1395.74,No,1,0,0,1
10180,33,59,Month-to-Month,62.12,3422.91,Yes,1,1,4,1
10181,70,70,One Year,83.62,5034.65,Yes,1,0,1,0
10182,71,3,Two Year,98.57,253.68,No,1,2,5,1
10183,66,20,Month-to-Month,31.83,614.19,No,0,2,2,0
10184,53,59,Two Year,60.99,3341.41,Yes,2,1,3,1
10185,37,36,Month-to-Month,103.98,3203.24,Yes,1,2,1,0
10186,43,19,One Year,58.38,1072.23,No,0,1,1,1
10187,73,67,Month-to-Month,77.19,4407.66,No,0,0,1,0
10188,73,19,Two Year,78.78,1508.01,No,1,0,0,1
10189,43,20,Two Year,38.45,700.78,Yes,0,1,5,1
10190,39,71,Month-to-Month,56.22,3425.02,No,1,0,2,0
10191,73,52,Two Year,53.45,2689.54,No,1,3,0,0
10192,26,33,Two Year,22.62,693.86,Yes,2,2,5,0
10193,22,40,One Year,22.42,936.94,No,1,0,0,0
10194,34,39,Month-to-Month,103.17,3858.02,Yes,1,2,1,1
10195,66,1,Two Year,47.31,42.82,Yes,0,0,2,0
10196,51,11,Two Year,71.81,783.5,Yes,2,1,0,1
10197,19,57,Month-to-Month,49.87,2570.55,Yes,1,0,3,0
10198,70,50,Two Year,114.07,5879.45,Yes,2,1,3,1
10199,72,23,Month-to-Month,45.93,977.1,No,2,2,3,1
10200,24,31,Month-to-Month,62.97,1873.94,Yes,0,1,0,1
10201,53,42,Month-to-Month,107.27,3875.11,Yes,3,0,0,1
10202,30,7,One Year,104.19,682.09,No,0,1,0,0
10203,37,16,One Year,38.61,627.94,Yes,2,0,9,1
10204,47,60,Month-to-Month,100.26,6082.55,Yes,1,1,0,0
10205,47,2,Two Year,65.82,117.8,Yes,1,0,1,0
10206,28,1,Month-to-Month,68.3,61.14,Yes,5,0,6,1
10207,48,48,Month-to-Month,33.35,1622.35,Yes,2,1,4,0
10208,20,12,Month-to-Month,28.06,348.87,No,2,0,5,0
10209,19,69,One Year,92.79,5564.24,Yes,1,0,10,1
10210,65,37,Two Year,69.65,2422.46,No,0,0,1,1
10211,20,32,One Year,63.69,1869.92,Yes,1,1,1,1
10212,73,9,Two Year,92.95,856.74,Yes,1,1,0,0
10213,32,19,Month-to-Month,96.55,1589.93,No,2,0,0,1
10214,34,48,Month-to-Month,35.89,1537.05,No,2,0,2,0
10215,65,3,Month-to-Month,81.02,243.18,Yes,0,0,0,1
10216,69,20,Month-to-Month,33.54,577.06,Yes,3,0,3,0
10217,24,24,Month-to-Month,95.14,2165.78,Yes,1,0,0,0
10218,65,54,One Year,85.7,4342.83,Yes,0,0,0,0
10219,22,33,Month-to-Month,115.66,3499.53,Yes,3,1,3,1
10220,51,24,One Year,26.9,599.71,No,2,0,0,0
10221,50,36,Month-to-Month,25.71,884.82,Yes,0,0,3,1
10222,71,38,Month-to-Month,48.22,1616.64,No,0,0,16,1
10223,62,25,One Year,46.17,1113.16,Yes,3,1,4,0
10224,33,18,Month-to-Month,44.7,813.52,Yes,0,0,1,0
10225,54,66,Two Year,110.63,7316.42,Yes,4,0,6,0
10226,20,54,One Year,44.95,2137.92,Yes,2,0,0,0
10227,64,35,Month-to-Month,47.19,1453.2,No,1,2,3,0
10228,65,61,Two Year,95.94,5288.38,Yes,0,1,0,0
10229,60,41,Month-to-Month,64.97,2456.57,Yes,0,0,0,1
10230,74,33,Month-to-Month,97.67,3002.94,No,0,0,13,0
10231,68,68,One Year,26.54,1779.34,Yes,1,1,1,0
10232,67,33,Month-to-Month,68.76,1954.44,Yes,2,1,5,1
10233,38,14,Two Year,23.36,280.25,Yes,0,0,1,0
10234,58,21,Two Year,26.27,512.16,No,2,3,5,0
10235,25,48,Two Year,110.64,5254.6,No,4,0,10,1
10236,39,20,Month-to-Month,33.92,602.89,No,1,0,1,1
10237,68,8,Month-to-Month,73.24,573.21,Yes,1,0,2,1
10238,71,7,One Year,61.11,385.83,No,1,0,2,0
10239,22,67,Month-to-Month,54.73,3766.71,Yes,4,3,8,1
10240,34,17,Month-to-Month,109.98,1924.14,Yes,3,2,0,1
10241,54,33,Month-to-Month,22.18,665.67,No,2,0,2,0
10242,31,48,Month-to-Month,86.38,3715.03,Yes,3,1,1,1
10243,56,59,Month-to-Month,116.34,6399.09,Yes,4,1,0,1
10244,58,22,Two Year,76.02,1502.03,Yes,3,0,0,1
10245,45,30,Two Year,113.68,3357.46,Yes,2,1,2,0
10246,48,38,Month-to-Month,25.23,973.33,No,1,1,6,0
10247,34,51,Month-to-Month,61.88,3107.34,Yes,1,2,1,0
10248,52,54,Month-to-Month,46.02,2522.03,Yes,0,0,2,0
10249,57,8,Two Year,93.08,692.07,Yes,1,1,3,0
10250,39,27,Month-to-Month,118.13,2810.8,No,1,0,1,0
10251,62,27,One Year,45.65,1229.58,No,2,0,7,0
10252,65,21,Month-to-Month,85.42,1654.07,Yes,2,1,1,1
10253,70,30,One Year,39.81,1175.49,No,0,0,0,0
10254,46,28,Month-to-Month,76.53,1937.4,No,1,2,0,1
10255,27,64,One Year,66.39,3680.64,Yes,2,1,6,0
10256,35,69,Month-to-Month,117.2,8479.14,Yes,0,0,13,1
10257,52,61,One Year,80.85,4346.14,Yes,1,0,1,0
10258,61,48,Month-to-Month,54.95,2763.37,No,1,0,0,1
10259,33,19,One Year,31.41,623.92,Yes,0,2,1,1
10260,67,4,Two Year,35.12,141.71,Yes,2,0,3,1
10261,66,35,Month-to-Month,42.53,1461.58,Yes,2,1,2,0
10262,24,64,Two Year,45.1,2787.0,No,1,0,9,0
10263,47,49,One Year,105.06,5267.48,Yes,1,2,5,1
10264,36,17,Month-to-Month,76.12,1174.84,No,5,1,6,1
10265,72,44,Month-to-Month,72.34,3003.24,No,4,1,2,1
10266,40,30,Month-to-Month,31.48,919.73,Yes,2,1,1,0
10267,25,46,One Year,106.01,4546.02,Yes,0,0,3,1
10268,34,6,One Year,92.28,517.97,Yes,1,0,1,1
10269,38,37,Month-to-Month,26.77,907.35,No,1,0,1,0
10270,43,24,Month-to-Month,90.78,2097.77,Yes,2,2,0,1
10271,74,46,Two Year,74.35,3488.89,Yes,0,1,2,0
10272,45,53,Two Year,28.17,1329.24,Yes,0,0,2,0
10273,56,60,Month-to-Month,65.83,4095.49,Yes,3,0,2,1
10274,50,63,Two Year,68.47,4261.06,No,1,0,0,0
10275,57,32,Month-to-Month,36.58,1187.71,No,1,0,2,1
10276,36,33,Month-to-Month,114.57,3634.26,No,0,1,0,1
10277,46,67,Two Year,105.0,7076.53,Yes,1,2,3,0
10278,37,18,Month-to-Month,86.9,1334.64,Yes,2,1,1,1
10279,37,25,Month-to-Month,66.23,1678.39,No,0,0,5,0
10280,27,54,Month-to-Month,61.18,2834.68,Yes,1,0,4,1
10281,29,58,Two Year,85.1,5073.92,No,2,0,3,0
10282,73,67,Two Year,74.54,5235.86,Yes,1,2,3,0
10283,50,46,Month-to-Month,26.23,1096.56,Yes,2,0,2,1
10284,73,24,Month-to-Month,71.25,1525.43,No,0,0,0,0
10285,42,32,Month-to-Month,100.64,3230.38,No,2,1,3,1
10286,42,47,One Year,65.92,2790.29,No,3,1,1,0
10287,70,23,Month-to-Month,25.2,593.0,Yes,2,0,1,1
10288,21,66,One Year,98.63,5667.04,Yes,3,1,1,0
10289,21,27,Month-to-Month,40.14,948.51,Yes,3,1,7,1
10290,26,2,Month-to-Month,45.86,95.92,Yes,3,0,0,1
10291,32,17,Month-to-Month,36.47,610.55,No,2,2,1,1
10292,73,33,Month-to-Month,53.02,1783.56,Yes,1,0,9,0
10293,43,9,Two Year,95.68,787.81,No,0,1,4,1
10294,32,43,Month-to-Month,71.94,3047.94,Yes,0,0,0,0
10295,43,48,Month-to-Month,40.49,1882.98,No,1,0,7,1
10296,45,39,Month-to-Month,107.78,4079.97,Yes,0,2,0,0
10297,24,42,Month-to-Month,107.96,4473.14,Yes,2,0,3,1
10298,49,26,Month-to-Month,107.06,2686.34,No,3,0,2,1
10299,29,50,Month-to-Month,43.88,2053.17,Yes,2,0,2,1
10300,52,25,Month-to-Month,65.12,1473.64,No,2,1,3,1
10301,69,24,One Year,118.5,2854.57,No,1,2,0,1
10302,49,13,Month-to-Month,97.2,1131.24,No,0,0,0,0
10303,26,60,Month-to-Month,22.72,1347.48,Yes,1,1,3,0
10304,31,7,Two Year,26.52,166.46,Yes,2,2,1,1
10305,30,57,Month-to-Month,66.39,3689.87,Yes,3,0,10,1
10306,73,36,Month-to-Month,110.92,3990.79,Yes,1,0,1,0
10307,61,45,Month-to-Month,73.87,2970.94,Yes,1,2,0,0
10308,50,20,Month-to-Month,69.78,1202.99,Yes,1,0,3,1
10309,49,65,One Year,30.55,1739.9,Yes,1,1,1,0
10310,36,8,Month-to-Month,85.68,665.7,Yes,2,0,0,1
10311,47,16,One Year,102.21,1667.89,Yes,0,1,1,0
10312,33,14,Month-to-Month,58.04,697.99,Yes,3,1,9,1
10313,29,15,Month-to-Month,97.56,1458.76,Yes,2,1,1,1
10314,27,66,One Year,116.45,7057.5,No,2,0,1,0
10315,19,32,Month-to-Month,40.38,1222.0,Yes,1,1,1,1
10316,35,63,One Year,72.33,4719.8,Yes,2,1,0,0
10317,30,51,Month-to-Month,48.71,2276.52,Yes,3,0,0,1
10318,46,25,One Year,99.29,2340.93,No,1,0,5,1
10319,41,58,Month-to-Month,77.76,3845.91,Yes,3,1,11,0
10320,55,63,Two Year,83.46,4555.09,Yes,0,1,0,0
10321,29,62,Month-to-Month,99.79,5578.91,No,3,2,2,1
10322,46,22,Two Year,59.6,1121.82,No,3,0,10,1
10323,39,58,Month-to-Month,111.51,6314.14,Yes,2,0,0,0
10324,53,58,One Year,73.3,3976.25,Yes,1,0,0,0
10325,18,49,Month-to-Month,35.8,1683.38,Yes,1,0,7,1
10326,60,52,Two Year,89.59,4122.6,Yes,2,1,3,0
10327,72,42,Month-to-Month,99.33,3793.0,No,1,0,0,1
10328,57,70,Month-to-Month,51.68,3555.25,Yes,3,1,1,0
10329,51,15,Month-to-Month,105.72,1654.09,No,4,0,0,1
10330,51,54,Month-to-Month,110.61,5137.23,Yes,3,2,1,1
10331,65,60,Month-to-Month,47.69,2941.74,No,1,0,4,1
10332,50,8,Two Year,118.35,914.02,Yes,1,0,2,0
10333,21,53,Two Year,34.07,1738.51,Yes,1,0,3,0
10334,55,60,Month-to-Month,40.2,2291.53,Yes,1,2,1,0
10335,47,5,Two Year,38.42,165.95,Yes,1,1,0,1
10336,70,68,Month-to-Month,109.4,6457.04,Yes,1,1,0,0
10337,69,6,Month-to-Month,85.43,497.3,No,1,0,5,1
10338,63,47,One Year,35.21,1519.49,Yes,1,0,3,0
10339,37,55,One Year,64.03,3639.46,No,4,0,0,1
10340,43,40,Two Year,81.53,3037.21,Yes,0,2,1,0
10341,32,52,Month-to-Month,28.35,1295.32,Yes,3,1,4,1
10342,24,16,One Year,108.24,1719.62,No,1,2,2,1
10343,24,13,Month-to-Month,100.36,1185.52,Yes,2,0,1,1
10344,67,30,Month-to-Month,70.52,2020.6,Yes,2,1,0,1
10345,46,19,Month-to-Month,116.71,2194.35,Yes,1,1,0,1
10346,40,17,Two Year,61.78,1081.82,Yes,1,1,5,1
10347,51,63,Two Year,118.41,7522.78,No,3,0,2,1
10348,37,19,One Year,86.79,1624.72,No,1,0,3,1
10349,32,58,Month-to-Month,83.47,4773.13,Yes,1,0,5,0
10350,50,55,Month-to-Month,36.6,2091.88,No,1,1,12,0
10351,70,62,Month-to-Month,108.19,6098.48,Yes,0,0,0,0
10352,34,23,Month-to-Month,62.75,1227.08,Yes,0,1,0,1
10353,37,9,Month-to-Month,36.22,294.81,No,1,2,1,0
10354,74,12,One Year,21.26,227.97,Yes,2,2,0,1
10355,30,1,Month-to-Month,75.98,74.64,No,1,1,4,1
10356,61,58,Month-to-Month,72.74,4120.8,No,2,0,6,0
10357,41,1,Month-to-Month,91.94,89.06,No,1,2,3,1
10358,71,34,Month-to-Month,109.03,3163.01,No,0,0,0,0
10359,64,48,Month-to-Month,27.94,1335.43,Yes,1,3,0,1
10360,73,1,Two Year,93.15,85.2,Yes,3,2,1,0
10361,54,16,One Year,38.74,609.31,Yes,2,1,5,0
10362,24,61,Two Year,105.82,6205.31,No,1,0,1,0
10363,25,64,Month-to-Month,101.91,5990.98,Yes,2,2,0,0
10364,40,63,Month-to-Month,74.08,4092.6,Yes,0,0,0,0
10365,31,69,Month-to-Month,91.02,5456.92,Yes,1,2,13,0
10366,21,22,Two Year,51.44,1150.13,No,0,2,3,0
10367,38,67,One Year,67.12,4648.5,No,1,1,6,0
10368,63,26,Month-to-Month,102.16,2602.92,Yes,1,1,4,1
10369,27,16,Month-to-Month,65.93,918.47,Yes,2,1,2,1
10370,39,51,Month-to-Month,55.78,2646.8,Yes,0,3,0,1
10371,47,57,One Year,69.42,3940.27,Yes,2,1,1,0
10372,47,29,Two Year,102.82,2999.56,Yes,0,0,2,1
10373,33,69,One Year,53.52,3226.26,No,2,0,6,1
10374,28,47,Month-to-Month,37.38,1493.34,No,1,3,0,1
10375,39,62,Month-to-Month,91.2,5611.58,Yes,1,0,0,1
10376,46,69,Month-to-Month,102.6,6522.39,Yes,1,1,2,0
10377,42,16,Month-to-Month,30.06,433.3,Yes,1,0,0,0
10378,31,48,Month-to-Month,43.99,1800.24,Yes,0,2,2,1
10379,31,39,One Year,34.2,1277.86,Yes,1,0,0,0
10380,19,33,One Year,54.79,1844.65,Yes,2,3,0,1
10381,71,23,Month-to-Month,65.04,1558.04,Yes,0,0,1,0
10382,30,10,Two Year,94.88,913.84,No,1,1,2,1
10383,20,69,Month-to-Month,85.11,5595.95,No,1,1,2,0
10384,47,34,Month-to-Month,82.09,2419.88,Yes,1,1,0,1
10385,35,52,Month-to-Month,55.24,2756.93,Yes,0,1,6,0
10386,71,10,Month-to-Month,104.14,964.33,No,0,0,0,1
10387,53,19,Month-to-Month,67.13,1239.03,No,0,1,0,1
10388,38,58,Month-to-Month,117.91,6344.65,Yes,2,0,2,0
10389,70,1,Month-to-Month,83.41,74.91,Yes,0,0,0,1
10390,36,69,Two Year,32.63,1956.51,Yes,3,2,2,0
10391,33,4,Month-to-Month,87.62,319.98,Yes,3,2,9,1
10392,45,16,Month-to-Month,52.51,730.38,Yes,1,2,3,1
10393,21,24,Month-to-Month,88.63,1883.31,Yes,1,0,2,1
10394,68,2,One Year,26.96,56.48,Yes,2,0,2,0
10395,72,32,Month-to-Month,37.49,1126.28,Yes,2,1,0,0
10396,32,24,Two Year,105.57,2423.15,Yes,3,0,1,1
10397,18,12,Month-to-Month,42.72,525.31,No,3,1,1,1
10398,65,50,Month-to-Month,103.7,5439.65,Yes,2,3,9,1
10399,64,35,One Year,47.93,1621.42,No,3,0,0,0
10400,33,33,Month-to-Month,84.29,2816.33,Yes,0,1,1,0
10401,71,33,Month-to-Month,89.42,2701.18,Yes,1,1,8,0
10402,37,61,Month-to-Month,71.27,3961.19,Yes,0,0,4,0
10403,50,51,One Year,50.53,2398.03,Yes,1,2,10,0
10404,34,43,Month-to-Month,41.26,1746.68,Yes,1,0,2,0
10405,22,12,Month-to-Month,23.32,276.04,Yes,2,0,1,1
10406,22,67,Two Year,50.39,3082.57,Yes,0,0,5,0
10407,56,65,Month-to-Month,85.32,4861.68,No,2,1,1,0
10408,30,33,Two Year,113.83,3668.04,Yes,1,0,0,0
10409,61,40,One Year,107.12,3752.05,No,2,2,3,1
10410,53,43,Month-to-Month,96.61,4011.73,Yes,0,1,3,1
10411,47,44,Month-to-Month,98.84,4299.75,Yes,0,3,6,1
10412,74,29,Month-to-Month,86.5,2483.72,Yes,0,1,9,1
10413,21,13,One Year,46.03,598.81,No,1,1,5,0
10414,40,12,One Year,110.72,1361.29,No,1,0,0,1
10415,38,46,One Year,87.07,3804.93,No,2,2,3,0
10416,38,2,Two Year,76.04,151.48,Yes,1,1,4,1
10417,23,35,One Year,31.1,1060.02,No,1,0,12,0
10418,41,8,Month-to-Month,64.71,459.35,Yes,3,0,1,1
10419,64,26,Month-to-Month,66.04,1468.31,No,2,1,0,1
10420,70,34,Two Year,106.46,3282.68,Yes,1,2,5,0
10421,48,7,Month-to-Month,74.66,490.53,Yes,1,1,1,1
10422,36,68,Month-to-Month,58.04,3841.82,Yes,2,1,2,0
10423,55,58,One Year,117.68,6961.89,Yes,0,1,1,0
10424,29,29,Month-to-Month,31.07,801.24,No,2,0,1,1
10425,31,36,Two Year,62.25,1961.12,No,1,0,3,0
10426,67,21,One Year,24.2,529.9,Yes,2,0,1,0
10427,29,36,Month-to-Month,93.99,2949.21,No,2,2,3,1
10428,73,10,Two Year,111.81,1057.39,No,1,1,0,1
10429,73,24,Month-to-Month,48.0,1114.11,Yes,2,0,1,1
10430,32,64,Month-to-Month,105.83,6490.51,Yes,0,0,1,1
10431,36,49,Month-to-Month,49.22,2091.51,Yes,2,0,4,0
10432,45,36,Month-to-Month,111.08,3444.66,Yes,0,1,1,1
10433,57,24,Month-to-Month,95.4,1994.46,Yes,1,0,3,1
10434,58,23,Month-to-Month,100.49,2235.27,Yes,2,0,3,1
10435,22,62,Month-to-Month,21.8,1296.01,Yes,4,1,3,0
10436,22,37,Month-to-Month,116.28,3858.13,Yes,1,0,2,0
10437,23,12,One Year,92.67,1087.08,No,0,1,1,1
10438,40,55,Two Year,50.48,2815.31,Yes,0,0,1,1
10439,20,13,Month-to-Month,102.94,1148.62,Yes,2,0,2,1
10440,54,23,Month-to-Month,48.15,1051.66,Yes,3,1,0,1
10441,50,30,Month-to-Month,107.28,3179.34,Yes,1,2,6,1
10442,60,17,Month-to-Month,31.26,478.52,Yes,0,0,5,1
10443,38,62,One Year,90.37,5107.38,Yes,1,1,1,0
10444,37,13,One Year,74.07,936.65,Yes,0,0,2,0
10445,18,59,Month-to-Month,29.65,1801.11,Yes,2,2,8,1
10446,56,19,Month-to-Month,44.19,849.67,Yes,1,1,0,1
10447,64,49,Month-to-Month,21.24,1006.03,Yes,1,1,4,0
10448,34,12,One Year,66.88,799.39,No,2,0,0,1
10449,46,61,Month-to-Month,50.13,2822.36,Yes,1,2,2,0
10450,25,19,Two Year,79.84,1483.88,Yes,3,0,6,0
10451,43,9,One Year,49.72,422.08,Yes,2,0,2,1
10452,45,71,Month-to-Month,49.99,3151.72,No,1,1,2,0
10453,51,28,One Year,94.32,2615.47,Yes,3,0,7,1
10454,43,52,Two Year,24.81,1240.18,No,0,0,3,0
10455,30,16,One Year,110.29,1626.51,No,2,0,3,0
10456,61,69,Month-to-Month,105.23,7495.16,Yes,2,2,2,0
10457,54,12,Month-to-Month,86.78,889.52,Yes,0,1,3,1
10458,30,25,Two Year,79.32,1810.79,Yes,0,0,4,0
10459,55,52,One Year,109.23,4892.58,Yes,2,0,11,1
10460,42,53,One Year,38.53,2048.84,Yes,3,0,4,0
10461,64,23,Two Year,27.9,635.55,Yes,2,2,3,1
10462,40,16,Two Year,43.95,644.32,Yes,2,0,0,1
10463,39,57,Two Year,99.46,5584.93,Yes,0,0,5,1
10464,38,39,Month-to-Month,23.47,850.51,No,1,2,3,1
10465,71,53,Month-to-Month,78.28,4154.03,Yes,1,2,4,0
10466,47,42,One Year,119.54,4723.64,No,0,0,0,0
10467,28,58,One Year,105.57,5709.48,No,1,1,7,0
10468,21,39,One Year,72.14,2917.41,No,0,0,0,0
10469,50,14,Month-to-Month,26.36,332.2,No,2,0,0,1
10470,64,5,One Year,103.14,450.77,Yes,2,2,3,1
10471,29,35,One Year,79.9,2703.96,Yes,2,0,3,0
10472,26,18,Month-to-Month,31.49,591.68,Yes,0,0,1,1
10473,49,9,Month-to-Month,29.39,244.82,Yes,2,1,3,1
10474,28,58,Month-to-Month,110.96,5550.18,No,1,1,1,1
10475,54,17,Month-to-Month,86.92,1356.27,No,0,3,0,1
10476,41,7,Month-to-Month,102.93,685.34,Yes,1,1,0,1
10477,24,46,Month-to-Month,107.9,4379.63,Yes,0,1,6,1
10478,25,13,Month-to-Month,77.18,984.9,Yes,4,1,0,1
10479,50,40,One Year,71.74,3011.79,Yes,3,2,0,0
10480,42,42,One Year,63.04,2489.74,Yes,5,1,3,0
10481,18,9,Two Year,51.69,428.43,Yes,0,3,1,0
10482,20,50,Month-to-Month,63.46,2951.34,No,2,0,4,1
10483,57,27,Month-to-Month,97.39,2295.66,Yes,2,2,5,1
10484,45,66,Two Year,80.19,5433.61,No,0,0,5,0
10485,60,5,Month-to-Month,109.25,509.63,Yes,2,0,1,1
10486,50,29,Two Year,64.34,1730.5,No,2,2,2,1
10487,63,37,Two Year,80.71,2932.33,Yes,0,0,3,0
10488,18,38,Month-to-Month,83.13,2964.37,No,2,1,1,0
10489,55,8,Two Year,79.17,620.47,No,0,1,0,1
10490,70,65,Month-to-Month,90.26,5058.96,Yes,3,2,2,0
10491,44,17,Month-to-Month,43.74,753.06,Yes,2,0,0,1
10492,55,71,One Year,71.24,5250.76,No,1,1,9,0
10493,52,45,Month-to-Month,30.42,1341.18,Yes,3,1,4,1
10494,27,4,Two Year,58.45,243.37,Yes,2,1,0,1
10495,29,36,Month-to-Month,68.77,2179.34,Yes,1,0,1,0
10496,27,70,Month-to-Month,85.22,5640.19,No,1,0,12,0
10497,71,31,One Year,115.05,3460.84,No,1,2,1,1
10498,51,19,One Year,80.07,1470.13,Yes,1,0,4,0
10499,41,61,Month-to-Month,94.36,5354.73,Yes,3,0,1,1
10500,45,54,Month-to-Month,70.63,3499.81,No,2,0,5,0
10501,39,39,Two Year,83.41,2847.55,No,2,1,3,1
10502,62,19,Month-to-Month,27.09,477.83,No,2,2,0,1
10503,33,39,Two Year,45.44,1563.99,Yes,0,1,1,0
10504,30,67,One Year,56.19,3752.96,Yes,1,0,2,0
10505,53,45,One Year,67.25,2698.71,Yes,0,1,7,0
10506,53,13,One Year,24.56,275.13,No,2,0,0,0
10507,60,58,Month-to-Month,34.0,1894.05,Yes,2,2,2,0
10508,40,20,One Year,47.68,924.08,Yes,3,1,1,1
10509,31,61,Two Year,117.15,7320.39,Yes,0,1,6,0
10510,49,39,Month-to-Month,53.13,2000.37,Yes,3,2,4,1
10511,20,1,Two Year,68.2,62.68,No,1,3,1,1
10512,44,3,Month-to-Month,39.61,120.09,Yes,0,2,0,1
10513,36,62,Month-to-Month,81.08,4816.11,No,1,1,0,0
10514,39,63,Month-to-Month,48.07,2622.17,No,1,0,2,0
10515,74,25,Two Year,40.7,980.03,Yes,0,0,1,0
10516,18,56,Month-to-Month,71.66,4139.78,No,1,2,1,0
10517,22,33,Two Year,20.55,630.18,No,4,1,12,1
10518,66,38,Two Year,20.77,717.65,No,1,1,1,0
10519,50,6,Month-to-Month,41.91,220.96,Yes,1,2,4,1
10520,68,58,Month-to-Month,23.67,1208.51,Yes,2,0,0,1
10521,36,44,One Year,30.8,1269.22,Yes,1,0,0,1
10522,53,45,Month-to-Month,53.89,2350.2,No,0,0,1,0
10523,68,32,One Year,100.26,2778.8,No,1,1,3,0
10524,23,45,Month-to-Month,77.2,3605.71,No,0,1,2,0
10525,32,61,Month-to-Month,71.27,4351.93,Yes,1,0,6,0
10526,53,47,One Year,49.35,2243.66,Yes,1,0,1,0
10527,73,21,Month-to-Month,113.18,2414.07,Yes,2,4,1,0
10528,50,36,Month-to-Month,59.7,1861.29,Yes,1,1,7,0
10529,41,19,Month-to-Month,28.71,515.69,No,1,1,1,1
10530,44,20,Month-to-Month,81.71,1595.01,Yes,2,1,0,0
10531,66,57,Month-to-Month,31.38,1816.8,Yes,2,0,0,0
10532,28,18,Two Year,54.52,987.93,Yes,2,0,4,1
10533,66,47,Month-to-Month,70.74,3010.3,Yes,2,0,5,0
10534,40,49,Month-to-Month,107.42,5464.52,Yes,0,0,0,0
10535,50,14,One Year,69.35,849.41,Yes,2,2,1,0
10536,58,15,Month-to-Month,90.23,1387.32,Yes,1,0,4,1
10537,63,31,Month-to-Month,119.28,3861.07,Yes,2,0,8,1
10538,64,1,Two Year,33.15,29.35,Yes,3,1,1,0
10539,73,54,One Year,47.47,2549.06,No,1,1,6,1
10540,46,3,One Year,59.46,153.06,Yes,2,1,1,1
10541,48,16,One Year,62.18,926.32,No,0,0,0,0
10542,18,57,Month-to-Month,61.1,3319.91,No,0,0,0,0
10543,51,12,One Year,110.76,1284.1,Yes,4,0,1,1
10544,35,16,Month-to-Month,91.4,1516.78,No,1,0,1,1
10545,35,24,Month-to-Month,80.79,1908.81,Yes,1,1,8,1
10546,23,28,Month-to-Month,50.94,1349.66,No,0,0,0,1
10547,69,8,Month-to-Month,102.38,828.82,No,3,0,1,1
10548,57,36,Month-to-Month,115.51,4325.14,No,2,2,0,0
10549,18,8,Two Year,102.12,698.02,Yes,2,0,4,1
10550,64,58,Month-to-Month,20.16,1223.66,Yes,1,0,7,0
10551,59,60,Month-to-Month,83.64,4352.09,Yes,2,0,0,0
10552,47,50,Month-to-Month,25.11,1271.67,Yes,0,1,1,1
10553,21,28,Month-to-Month,45.76,1160.93,No,2,2,0,1
10554,49,41,One Year,25.95,932.48,Yes,2,0,1,0
10555,27,64,Month-to-Month,80.38,4825.22,Yes,2,0,0,0
10556,60,27,Month-to-Month,88.66,2343.05,No,2,0,2,0
10557,22,63,Month-to-Month,31.45,1835.11,Yes,2,1,3,0
10558,26,17,One Year,58.38,854.42,No,2,2,2,0
10559,22,33,Month-to-Month,65.62,2100.26,No,0,0,0,0
10560,28,29,Month-to-Month,56.91,1700.69,Yes,1,1,1,1
10561,52,13,Month-to-Month,32.1,386.69,Yes,1,0,3,1
10562,44,46,Month-to-Month,61.89,2543.08,Yes,3,0,2,0
10563,21,35,Month-to-Month,95.12,3124.51,Yes,1,0,0,1
10564,27,6,One Year,27.1,139.78,No,5,1,5,1
10565,56,69,One Year,28.02,1960.64,No,3,2,1,1
10566,50,47,Two Year,55.48,2647.37,Yes,3,1,0,0
10567,55,25,Month-to-Month,114.17,2761.77,Yes,2,1,0,0
10568,25,66,Month-to-Month,86.86,5277.7,Yes,1,0,10,1
10569,66,10,Month-to-Month,87.87,887.45,Yes,3,0,0,1
10570,41,56,Two Year,56.19,3023.72,Yes,2,1,7,0
10571,56,30,One Year,79.37,2417.26,Yes,0,0,1,0
10572,50,5,One Year,21.01,102.56,Yes,3,0,1,0
10573,58,33,Month-to-Month,83.61,2778.12,Yes,1,0,3,1
10574,60,65,Month-to-Month,111.33,7017.28,Yes,1,1,0,0
10575,36,18,Month-to-Month,81.26,1364.43,No,2,1,1,1
10576,19,49,One Year,107.37,5479.94,No,1,0,1,1
10577,72,11,Two Year,92.4,973.94,Yes,0,2,6,0
10578,28,26,Two Year,32.06,809.4,Yes,3,2,2,1
10579,52,63,Month-to-Month,110.25,6210.18,Yes,3,1,1,1
10580,34,59,Month-to-Month,26.64,1532.67,Yes,3,2,0,0
10581,59,27,Two Year,73.4,1911.09,Yes,1,0,2,0
10582,20,49,One Year,34.21,1486.82,No,2,2,0,0
10583,39,33,Month-to-Month,21.17,602.14,Yes,0,1,0,0
10584,52,1,Month-to-Month,62.2,60.39,Yes,1,0,1,1
10585,38,21,Month-to-Month,49.5,1042.35,Yes,1,0,2,0
10586,42,55,Month-to-Month,68.6,3602.01,No,1,1,1,0
10587,56,6,Month-to-Month,77.72,417.52,No,1,0,2,1
10588,19,69,One Year,24.37,1653.46,Yes,0,1,3,0
10589,18,5,Month-to-Month,32.3,139.86,Yes,4,0,9,1
10590,24,3,Month-to-Month,75.86,213.55,Yes,3,0,4,1
10591,37,53,Month-to-Month,54.32,2541.18,Yes,3,1,1,0
10592,60,23,Two Year,92.92,1895.43,Yes,5,1,4,0
10593,72,53,One Year,85.23,4022.37,Yes,3,2,8,0
10594,23,37,Month-to-Month,104.56,3587.62,Yes,3,0,2,1
10595,72,17,Two Year,89.25,1305.18,Yes,2,1,1,1
10596,53,1,Two Year,62.99,58.55,Yes,1,0,0,1
10597,68,51,Month-to-Month,87.3,4240.11,No,1,0,6,0
10598,38,45,Month-to-Month,47.54,2025.19,Yes,2,0,0,0
10599,68,4,One Year,50.63,187.65,No,0,0,0,1
10600,63,62,Two Year,98.9,6241.13,Yes,2,0,2,0
10601,52,65,Two Year,64.64,3693.48,Yes,4,1,5,0
10602,53,32,Two Year,99.84,3038.78,Yes,2,1,1,0
10603,25,34,One Year,102.24,2997.87,No,3,1,4,1
10604,67,39,Month-to-Month,105.76,3564.64,Yes,0,2,5,0
10605,21,26,Month-to-Month,111.66,2800.89,Yes,0,1,1,1
10606,60,34,Month-to-Month,63.1,2066.46,Yes,2,1,2,0
10607,33,54,Month-to-Month,51.89,2873.81,Yes,3,0,2,0
10608,20,3,One Year,78.22,225.64,No,2,1,8,1
10609,24,50,One Year,57.12,2975.83,Yes,0,1,3,0
10610,19,12,One Year,80.11,826.48,Yes,1,0,7,1
10611,18,65,Month-to-Month,90.56,5118.82,Yes,1,1,0,0
10612,18,54,One Year,88.84,4120.04,No,2,2,1,0
10613,55,5,Month-to-Month,57.46,254.85,Yes,1,1,0,1
10614,68,57,Month-to-Month,36.69,2004.03,No,1,0,2,1
10615,24,17,One Year,63.05,1049.46,No,2,0,6,1
10616,41,47,One Year,34.26,1383.37,Yes,2,0,1,1
10617,22,23,Two Year,109.01,2605.5,Yes,1,2,0,1
10618,38,14,Month-to-Month,54.59,778.35,Yes,0,1,0,0
10619,45,66,Month-to-Month,35.45,2127.54,No,1,1,1,0
10620,35,51,Month-to-Month,22.54,994.86,Yes,2,0,0,0
10621,41,38,Month-to-Month,84.58,2841.14,Yes,2,2,1,1
10622,49,64,Two Year,83.69,4688.72,No,1,1,5,0
10623,62,38,One Year,54.06,1796.79,Yes,0,0,1,0
10624,50,50,Two Year,27.17,1295.62,Yes,3,3,2,0
10625,27,30,Month-to-Month,60.96,1644.4,Yes,4,2,2,1
10626,26,51,Two Year,51.12,2402.79,Yes,0,1,3,1
10627,66,63,Month-to-Month,87.71,5790.42,Yes,2,2,0,0
10628,50,52,Two Year,80.58,4135.11,Yes,6,1,7,1
10629,50,38,Month-to-Month,56.46,2230.86,No,1,0,3,0
10630,24,30,Month-to-Month,41.79,1101.39,Yes,3,0,0,1
10631,21,51,Month-to-Month,118.8,5613.04,No,1,1,0,0
10632,45,5,Two Year,65.4,314.23,Yes,0,1,0,0
10633,40,29,Month-to-Month,88.83,2229.21,Yes,1,1,4,1
10634,70,4,Month-to-Month,34.06,115.92,No,2,1,2,1
10635,49,10,Two Year,68.56,674.69,Yes,1,1,1,0
10636,61,56,Month-to-Month,22.75,1246.44,No,2,3,1,0
10637,33,17,Month-to-Month,70.55,1117.98,No,1,0,5,1
10638,63,17,Month-to-Month,116.4,1875.76,Yes,3,0,6,1
10639,72,69,Month-to-Month,58.42,3761.26,Yes,2,0,2,0
10640,27,34,Two Year,23.9,694.61,Yes,2,1,2,0
10641,31,6,One Year,23.1,127.11,Yes,3,2,5,1
10642,56,53,Month-to-Month,58.8,2759.31,Yes,0,1,4,1
10643,53,66,Two Year,36.0,2066.37,Yes,2,0,1,0
10644,51,43,Month-to-Month,22.34,1000.34,Yes,2,0,0,1
10645,41,23,Month-to-Month,95.62,2133.0,Yes,2,2,4,1
10646,35,55,Month-to-Month,65.85,3606.29,No,5,0,0,1
10647,33,16,Month-to-Month,48.92,714.68,No,2,1,0,1
10648,58,8,Month-to-Month,110.01,817.27,Yes,0,0,5,1
10649,54,4,Two Year,31.61,113.47,No,2,0,2,1
10650,58,4,One Year,115.59,401.97,Yes,4,0,6,1
10651,42,56,Month-to-Month,51.4,2549.7,Yes,0,1,1,0
10652,25,25,One Year,108.84,2746.86,Yes,1,1,7,1
10653,41,67,One Year,80.29,5301.48,Yes,3,1,1,0
10654,37,67,Two Year,102.67,6599.51,Yes,1,0,3,0
10655,65,27,Two Year,118.4,3021.03,No,0,3,1,1
10656,47,32,Month-to-Month,48.84,1616.78,No,1,2,0,1
10657,37,50,One Year,116.11,5019.13,Yes,1,0,1,0
10658,35,61,One Year,58.95,3258.36,No,2,1,4,0
10659,21,51,One Year,58.55,2747.13,Yes,0,0,0,0
10660,65,19,Month-to-Month,54.04,1033.42,Yes,1,1,2,0
10661,53,21,Month-to-Month,74.14,1632.46,No,1,1,0,0
10662,23,5,Month-to-Month,35.41,159.01,Yes,2,0,0,1
10663,20,42,Month-to-Month,75.37,3244.24,Yes,4,0,2,0
10664,35,61,Month-to-Month,74.17,4597.32,Yes,2,1,9,1
10665,64,22,One Year,96.19,1893.84,Yes,0,1,1,0
10666,57,21,Month-to-Month,103.36,2018.33,Yes,2,0,2,1
10667,35,70,One Year,64.04,4177.68,Yes,1,1,9,0
10668,73,1,Month-to-Month,50.23,52.52,Yes,1,1,3,1
10669,40,5,Two Year,45.93,203.51,Yes,0,0,3,0
10670,52,12,Month-to-Month,39.46,478.18,Yes,1,0,0,1
10671,23,46,Month-to-Month,25.76,1086.42,Yes,1,2,2,0
10672,71,34,One Year,54.24,1837.1,No,1,0,1,0
10673,43,49,Two Year,47.02,2151.92,Yes,2,1,1,0
10674,38,45,Two Year,116.64,5068.62,Yes,1,1,4,0
10675,41,27,Month-to-Month,75.77,2079.59,Yes,1,0,1,1
10676,32,26,Month-to-Month,54.73,1438.4,Yes,3,2,0,1
10677,44,47,Two Year,78.05,3753.77,Yes,2,2,7,0
10678,49,56,Month-to-Month,33.92,1637.24,Yes,1,0,2,1
10679,29,63,One Year,64.4,4010.18,No,4,1,7,1
10680,22,48,Month-to-Month,82.62,3481.93,No,1,0,2,0
10681,24,61,Month-to-Month,68.89,3921.42,Yes,1,3,0,0
10682,39,26,Month-to-Month,60.18,1501.65,Yes,1,5,2,1
10683,44,36,Month-to-Month,119.38,3999.2,Yes,0,0,2,0
10684,32,1,One Year,108.03,103.05,Yes,1,1,0,1
10685,56,8,Two Year,82.34,691.2,Yes,0,2,1,0
10686,62,52,Month-to-Month,76.94,3508.95,No,1,1,1,1
10687,74,47,Two Year,82.07,3799.78,Yes,1,0,2,0
10688,52,56,Month-to-Month,40.13,2088.17,No,3,0,0,0
10689,43,14,Month-to-Month,59.51,730.33,Yes,2,0,2,1
10690,40,28,Month-to-Month,23.95,591.3,Yes,0,0,0,0
10691,30,2,Two Year,67.55,140.48,Yes,1,1,1,1
10692,43,26,One Year,74.3,1981.87,Yes,2,0,0,0
10693,20,14,One Year,42.77,617.59,No,2,2,0,0
10694,46,59,Two Year,116.4,7199.35,Yes,6,0,1,0
10695,19,56,One Year,110.95,5540.08,Yes,1,1,0,1
10696,45,7,Two Year,92.21,594.53,No,2,2,1,1
10697,40,3,One Year,73.34,216.47,No,4,1,9,1
10698,53,23,Two Year,107.0,2329.98,No,0,0,2,0
10699,66,18,Month-to-Month,33.07,555.78,No,0,1,2,1
10700,23,38,Month-to-Month,99.05,3468.67,Yes,1,2,8,1
10701,28,15,Month-to-Month,32.48,471.98,No,3,2,7,1
10702,55,64,Month-to-Month,99.42,6140.93,No,0,2,6,0
10703,71,28,One Year,47.58,1175.42,No,0,1,0,0
10704,51,39,Month-to-Month,107.71,3966.91,No,1,0,3,1
10705,34,57,One Year,114.4,6264.5,Yes,0,0,4,0
10706,20,17,Month-to-Month,34.88,571.65,No,1,1,5,0
10707,61,44,Month-to-Month,66.27,2601.03,Yes,2,0,2,1
10708,63,25,Month-to-Month,118.1,2947.94,Yes,2,0,0,1
10709,51,17,Two Year,68.34,993.37,Yes,2,0,10,1
10710,39,13,Month-to-Month,106.35,1273.28,No,2,2,1,1
10711,46,25,Month-to-Month,78.87,1983.66,Yes,0,0,1,1
10712,71,68,One Year,57.53,3766.43,Yes,1,1,1,0
10713,46,10,One Year,48.58,438.3,Yes,0,2,1,0
10714,22,67,Month-to-Month,40.32,2671.7,No,2,1,0,0
10715,27,18,Month-to-Month,96.18,1668.01,Yes,2,0,1,0
10716,27,34,Month-to-Month,58.65,2012.54,No,2,0,12,1
10717,70,8,Two Year,71.13,567.34,No,1,2,1,1
10718,26,40,Month-to-Month,69.23,2691.72,Yes,3,2,2,1
10719,38,42,Month-to-Month,77.73,3093.71,Yes,2,2,5,0
10720,30,41,Month-to-Month,106.56,3829.99,No,2,0,2,1
10721,27,6,Month-to-Month,118.07,639.18,No,3,0,1,1
10722,55,52,One Year,60.76,2950.42,No,2,2,2,0
10723,28,26,Month-to-Month,102.75,2590.98,Yes,0,3,0,0
10724,21,64,Month-to-Month,96.45,5881.08,No,1,0,0,0
10725,63,59,Month-to-Month,77.35,4142.14,Yes,1,1,3,0
10726,48,56,Month-to-Month,115.6,5510.93,Yes,1,2,7,1
10727,66,59,Month-to-Month,40.05,2243.03,No,0,2,3,0
10728,69,70,Two Year,30.93,1964.02,Yes,0,1,0,0
10729,51,33,One Year,105.4,3467.49,No,0,0,1,0
10730,59,53,Two Year,63.91,2895.37,Yes,2,2,0,0
10731,52,22,Two Year,104.7,2227.31,No,5,0,2,1
10732,56,21,One Year,109.31,2383.42,Yes,2,0,0,0
10733,56,70,Month-to-Month,26.25,1625.97,Yes,1,3,6,0
10734,50,70,One Year,108.35,7162.27,No,2,1,0,0
10735,25,4,Two Year,64.83,225.16,Yes,1,0,0,1
10736,49,62,One Year,71.04,4294.97,Yes,3,1,1,0
10737,72,62,Month-to-Month,82.66,4920.47,No,0,2,0,0
10738,50,24,Month-to-Month,112.64,2518.11,Yes,0,1,4,0
10739,25,55,Two Year,21.91,1149.95,No,0,0,7,0
10740,63,9,One Year,67.68,626.98,Yes,1,1,0,0
10741,31,3,Two Year,88.77,236.82,Yes,2,1,1,1
10742,51,31,Month-to-Month,92.27,2444.22,No,0,0,17,0
10743,25,40,Month-to-Month,89.25,3649.73,No,1,0,3,1
10744,68,36,Month-to-Month,33.44,1162.22,Yes,0,0,9,0
10745,59,24,One Year,49.94,1232.28,Yes,0,3,0,1
10746,24,6,Month-to-Month,55.87,324.96,No,2,2,0,0
10747,30,66,Month-to-Month,100.44,6708.8,Yes,1,2,0,0
10748,71,4,Two Year,47.88,179.25,Yes,2,1,1,0
10749,38,6,Month-to-Month,41.07,246.41,Yes,2,0,3,1
10750,64,51,Two Year,115.74,6095.22,Yes,1,1,0,0
10751,49,62,Month-to-Month,20.89,1249.1,Yes,1,0,2,0
10752,28,57,Two Year,119.78,6050.2,Yes,1,0,0,0
10753,31,66,One Year,87.68,5229.95,Yes,1,2,5,0
10754,28,8,Two Year,102.85,732.07,Yes,0,0,0,0
10755,19,26,Two Year,49.46,1156.56,Yes,3,1,0,1
10756,51,51,Month-to-Month,21.43,995.97,No,0,1,2,0
10757,61,45,Month-to-Month,93.79,4056.06,Yes,2,2,0,1
10758,64,44,Month-to-Month,103.41,4402.61,No,1,1,1,1
10759,34,5,One Year,94.05,439.82,No,5,0,1,0
10760,31,70,Two Year,34.29,2335.69,Yes,1,1,5,0
10761,42,26,Month-to-Month,95.34,2147.46,Yes,2,1,2,1
10762,65,68,One Year,96.89,5715.92,Yes,1,0,3,0
10763,44,19,Month-to-Month,85.85,1442.53,No,1,3,9,1
10764,25,20,Two Year,96.61,1842.58,No,1,1,12,1
10765,73,12,Two Year,104.59,1120.53,Yes,1,1,3,1
10766,34,47,Month-to-Month,81.36,3466.98,No,1,0,2,0
10767,22,1,Month-to-Month,28.86,26.84,Yes,0,1,2,0
10768,29,14,Month-to-Month,68.76,974.55,Yes,1,1,1,0
10769,55,64,One Year,27.76,1515.07,No,1,0,13,0
10770,35,38,Month-to-Month,60.75,2262.04,Yes,2,0,3,1
10771,43,37,Month-to-Month,60.71,2209.82,Yes,0,1,1,0
10772,48,11,Month-to-Month,26.6,295.45,Yes,2,0,0,1
10773,54,3,Month-to-Month,54.88,170.66,No,2,0,0,1
10774,23,33,Month-to-Month,31.1,876.49,Yes,1,0,0,0
10775,58,6,One Year,100.82,532.79,No,1,2,0,1
10776,32,50,Month-to-Month,114.77,5894.78,Yes,3,0,1,1
10777,59,10,One Year,27.23,256.43,Yes,3,0,0,0
10778,66,5,One Year,115.51,556.13,No,1,2,2,0
10779,43,23,Month-to-Month,72.26,1633.07,Yes,2,3,0,0
10780,68,10,Month-to-Month,49.96,492.51,No,0,2,0,1
10781,29,44,One Year,27.69,1262.65,Yes,3,3,1,0
10782,58,2,Two Year,70.06,147.04,Yes,1,1,6,1
10783,64,13,Month-to-Month,99.45,1285.13,Yes,2,3,1,1
10784,31,40,Month-to-Month,90.71,3292.57,No,0,1,1,0
10785,18,2,Month-to-Month,25.02,51.34,Yes,1,2,2,1
10786,34,65,One Year,27.29,1525.23,No,1,0,0,0
10787,50,63,Month-to-Month,60.29,3404.07,Yes,2,1,1,0
10788,72,17,Month-to-Month,49.53,866.83,Yes,1,1,0,1
10789,46,9,One Year,43.24,350.73,Yes,1,0,2,0
10790,70,15,One Year,48.1,645.11,No,3,1,3,1
10791,71,24,Month-to-Month,100.35,2113.67,No,2,1,3,1
10792,62,38,Month-to-Month,112.92,4384.6,No,1,1,0,1
10793,48,35,One Year,60.51,2011.98,Yes,3,0,4,1
10794,25,49,Month-to-Month,110.61,5338.48,Yes,2,0,0,0
10795,47,69,Month-to-Month,52.15,3230.65,Yes,0,0,0,0
10796,30,62,Two Year,67.64,4200.42,No,0,0,1,0
10797,33,60,Month-to-Month,42.6,2561.11,Yes,1,0,2,0
10798,19,50,One Year,84.05,3834.86,Yes,1,0,0,0
10799,62,9,Two Year,117.9,989.09,Yes,1,1,3,1
10800,35,34,Month-to-Month,80.35,2436.69,Yes,1,0,5,1
10801,52,35,Month-to-Month,55.78,2040.76,Yes,1,1,1,1
10802,62,1,One Year,84.78,83.01,No,1,0,1,0
10803,36,40,Two Year,32.29,1339.27,Yes,3,0,0,1
10804,30,64,Two Year,108.87,6345.31,No,1,0,1,0
10805,68,22,One Year,70.31,1556.69,No,2,0,0,0
10806,21,60,Month-to-Month,64.93,3908.16,Yes,0,0,9,0
10807,36,64,One Year,78.59,4971.07,Yes,0,1,1,0
10808,67,11,Month-to-Month,82.48,946.41,Yes,0,0,4,1
10809,42,14,Month-to-Month,27.18,353.39,No,3,1,0,1
10810,55,60,Month-to-Month,88.26,4639.71,Yes,2,0,5,0
10811,68,30,Month-to-Month,44.19,1304.94,Yes,1,3,5,1
10812,74,35,One Year,91.4,3185.76,Yes,0,1,3,1
10813,48,37,Month-to-Month,102.25,3650.88,Yes,0,0,7,0
10814,53,5,Month-to-Month,100.4,447.46,Yes,2,1,0,1
10815,21,26,Month-to-Month,75.25,1860.42,Yes,2,0,1,1
10816,73,62,Two Year,72.02,4074.25,No,0,2,2,0
10817,56,4,One Year,34.29,128.31,No,2,1,2,0
10818,24,42,Month-to-Month,97.53,4010.42,Yes,2,0,5,1
10819,72,18,Month-to-Month,47.14,847.71,Yes,1,0,0,0
10820,33,40,Month-to-Month,69.67,2498.21,No,1,1,0,0
10821,65,39,Two Year,48.43,1758.57,Yes,2,3,0,1
10822,22,14,One Year,33.38,422.38,No,3,0,6,0
10823,64,32,Month-to-Month,82.96,2361.97,Yes,3,0,8,1
10824,40,51,One Year,25.43,1305.59,No,2,3,2,0
10825,53,38,Month-to-Month,94.86,3719.49,Yes,2,0,2,1
10826,49,23,Two Year,51.76,1100.06,Yes,2,1,2,1
10827,41,63,Month-to-Month,20.01,1260.95,No,2,0,2,0
10828,42,15,Month-to-Month,71.11,1098.01,Yes,4,2,0,1
10829,62,25,Month-to-Month,24.69,629.12,Yes,0,0,3,1
10830,45,17,Month-to-Month,47.62,717.71,Yes,1,0,1,1
10831,36,66,Two Year,90.7,6233.18,No,1,1,2,0
10832,24,53,Month-to-Month,26.27,1288.35,Yes,0,1,0,0
10833,61,51,Two Year,103.93,4864.99,No,1,1,4,1
10834,58,39,One Year,20.38,685.52,Yes,3,0,5,0
10835,34,51,Month-to-Month,44.68,2158.44,Yes,2,2,2,1
10836,19,70,Month-to-Month,94.09,5741.95,No,0,1,4,0
10837,33,6,Month-to-Month,51.63,278.71,Yes,3,0,2,1
10838,56,67,One Year,30.19,1847.54,Yes,3,0,2,0
10839,35,7,Month-to-Month,56.02,396.75,Yes,1,0,1,1
10840,56,51,Month-to-Month,47.04,2459.25,Yes,4,1,4,0
10841,18,42,Month-to-Month,104.27,3987.36,Yes,1,0,1,1
10842,20,64,One Year,51.33,3356.54,Yes,3,2,3,0
10843,38,15,Month-to-Month,98.89,1515.16,Yes,2,0,2,1
10844,47,29,Month-to-Month,109.19,3175.79,Yes,3,1,3,0
10845,28,33,Month-to-Month,63.38,1839.17,Yes,1,0,4,1
10846,39,27,Month-to-Month,110.99,2960.96,Yes,1,3,2,1
10847,64,36,Two Year,57.73,2159.34,No,0,1,5,0
10848,74,29,Month-to-Month,116.41,3330.34,No,1,0,2,1
10849,42,38,Two Year,28.93,1007.35,Yes,4,2,9,1
10850,20,57,One Year,88.7,4803.69,Yes,1,0,4,0
10851,47,27,One Year,69.38,1834.19,No,2,0,0,1
10852,41,55,One Year,58.76,3077.04,Yes,2,2,5,0
10853,62,33,Month-to-Month,83.27,2401.65,Yes,1,0,2,1
10854,53,68,Month-to-Month,90.39,5608.16,No,3,0,12,0
10855,40,66,One Year,20.44,1363.18,Yes,1,0,3,0
10856,71,10,Month-to-Month,36.7,375.18,Yes,0,2,0,1
10857,25,5,One Year,91.3,400.56,No,5,0,1,1
10858,71,38,Month-to-Month,86.64,3425.58,No,1,0,2,0
10859,21,13,Two Year,116.6,1388.12,Yes,1,1,5,1
10860,67,31,One Year,96.1,2926.85,Yes,1,1,3,1
10861,56,47,Month-to-Month,115.08,5410.73,Yes,1,0,1,1
10862,60,52,Month-to-Month,90.25,4751.14,No,1,1,3,0
10863,48,56,One Year,49.81,2898.56,Yes,0,1,2,0
10864,46,15,One Year,30.54,418.05,Yes,2,1,0,0
10865,53,29,Month-to-Month,98.18,2909.01,No,2,1,0,1
10866,30,8,Two Year,84.41,591.77,Yes,1,2,1,0
10867,58,5,Month-to-Month,24.82,122.98,Yes,3,0,0,0
10868,26,29,Month-to-Month,56.01,1621.68,Yes,1,5,0,1
10869,72,47,Two Year,115.68,5358.37,Yes,0,0,0,0
10870,38,68,Two Year,70.04,4288.65,Yes,3,0,6,1
10871,68,45,One Year,63.27,2917.21,No,3,1,1,0
10872,20,2,Two Year,65.77,116.25,No,0,1,1,1
10873,42,27,Month-to-Month,40.89,950.27,Yes,1,1,0,0
10874,42,36,Two Year,56.87,2034.0,Yes,2,1,1,0
10875,29,36,Month-to-Month,56.98,1938.65,Yes,1,0,2,0
10876,46,26,Month-to-Month,25.24,669.25,Yes,0,2,0,1
10877,28,43,Month-to-Month,96.76,3855.62,Yes,0,0,2,1
10878,69,27,Month-to-Month,61.65,1470.89,No,2,0,3,1
10879,28,69,Month-to-Month,102.22,7175.12,Yes,3,0,1,0
10880,66,20,Month-to-Month,105.03,2016.12,Yes,0,0,2,1
10881,43,11,Month-to-Month,41.2,402.37,Yes,0,0,2,1
10882,70,38,Month-to-Month,85.74,3238.82,Yes,1,0,0,1
10883,31,6,One Year,67.23,384.11,Yes,3,4,3,1
10884,33,23,Month-to-Month,108.02,2412.07,Yes,0,1,4,1
10885,73,47,Month-to-Month,41.57,1840.82,Yes,5,0,3,1
10886,27,46,One Year,87.78,4101.44,No,1,3,1,0
10887,48,12,Two Year,80.78,984.78,Yes,1,0,7,1
10888,48,13,One Year,49.53,638.66,Yes,3,1,1,1
10889,53,62,Month-to-Month,33.66,1817.87,Yes,1,3,0,0
10890,27,60,One Year,85.16,5200.4,No,0,0,1,0
10891,43,43,Month-to-Month,93.86,3972.22,Yes,1,0,3,1
10892,37,68,Month-to-Month,51.56,3468.93,Yes,1,1,5,0
10893,61,5,Month-to-Month,84.48,389.7,Yes,1,0,1,1
10894,26,37,Two Year,59.51,2258.8,No,2,0,0,0
10895,32,31,Month-to-Month,91.32,2816.98,Yes,1,2,2,1
10896,26,9,Month-to-Month,39.92,313.48,Yes,0,0,7,0
10897,24,51,Month-to-Month,109.02,5179.47,Yes,2,0,0,0
10898,43,29,Two Year,48.74,1452.01,Yes,1,0,4,0
10899,41,40,One Year,56.78,1951.96,Yes,2,2,1,0
10900,29,41,Month-to-Month,25.81,1102.95,Yes,2,0,4,1
10901,37,11,One Year,31.15,337.8,No,1,2,2,1
10902,73,23,Month-to-Month,71.59,1607.51,Yes,1,0,1,1
10903,31,1,One Year,46.76,42.28,Yes,0,1,3,1
10904,39,46,Month-to-Month,103.55,4285.82,Yes,2,2,6,0
10905,33,21,Two Year,21.47,468.19,Yes,1,1,1,1
10906,46,36,Month-to-Month,57.91,1896.41,Yes,4,1,1,1
10907,49,54,One Year,53.73,2916.22,No,1,1,0,0
10908,36,57,Month-to-Month,21.93,1160.79,No,3,2,0,1
10909,72,1,Month-to-Month,32.44,28.48,Yes,1,0,4,0
10910,52,63,Month-to-Month,61.36,3294.11,Yes,2,2,0,1
10911,60,54,Month-to-Month,69.29,3587.7,Yes,2,0,4,1
10912,49,55,Month-to-Month,60.43,3473.73,No,4,0,1,1
10913,72,40,One Year,73.09,2700.9,No,1,1,15,0
10914,70,15,Month-to-Month,79.51,1098.95,No,0,3,0,0
10915,37,21,One Year,20.99,405.01,No,3,1,0,0
10916,68,47,Two Year,66.41,2978.03,Yes,6,1,0,0
10917,57,53,One Year,116.35,5785.04,Yes,1,0,5,0
10918,37,9,One Year,71.9,663.91,No,0,0,1,1
10919,25,52,One Year,87.75,4339.89,Yes,1,1,0,0
10920,52,57,Month-to-Month,51.19,2776.47,Yes,1,2,6,1
10921,59,26,Two Year,97.4,2222.62,Yes,0,2,6,1
10922,30,41,Month-to-Month,97.29,4174.56,Yes,1,0,4,1
10923,58,35,One Year,72.13,2272.08,Yes,1,0,0,0
10924,23,63,One Year,117.6,6406.19,Yes,4,1,1,1
10925,64,25,Month-to-Month,32.56,799.86,No,4,2,4,1
10926,33,38,Month-to-Month,21.69,798.73,Yes,2,0,2,1
10927,22,2,Month-to-Month,97.02,181.04,Yes,0,0,0,1
10928,70,7,Two Year,100.72,658.82,No,1,2,0,1
10929,62,34,Two Year,32.02,1096.31,Yes,1,0,10,0
10930,68,17,Month-to-Month,46.56,703.77,Yes,2,1,0,1
10931,51,43,One Year,21.76,948.83,Yes,0,0,3,0
10932,23,59,Two Year,49.33,2851.53,Yes,5,0,1,0
10933,50,51,Month-to-Month,97.31,4634.24,Yes,2,0,4,1
10934,32,54,Month-to-Month,71.8,3650.79,No,2,0,3,1
10935,32,24,One Year,54.81,1185.64,Yes,1,0,1,0
10936,31,25,Two Year,57.17,1429.85,Yes,1,0,1,0
10937,56,71,Two Year,20.14,1362.13,Yes,0,1,4,0
10938,22,52,Month-to-Month,49.98,2375.89,Yes,3,0,1,0
10939,69,70,Month-to-Month,84.65,5743.05,No,4,1,4,0
10940,74,33,Month-to-Month,117.42,4065.3,Yes,2,0,3,1
10941,43,49,Month-to-Month,104.71,4807.82,Yes,1,0,2,1
10942,65,29,Month-to-Month,22.36,670.58,No,3,1,1,1
10943,34,63,One Year,109.86,6360.59,Yes,1,0,0,0
10944,60,22,Month-to-Month,98.32,1862.26,No,2,1,3,1
10945,64,26,Two Year,98.04,2270.81,Yes,1,3,0,1
10946,69,28,Month-to-Month,65.8,1720.32,Yes,0,0,10,1
10947,33,49,One Year,59.8,2619.38,No,0,3,11,0
10948,52,71,Month-to-Month,50.29,3035.16,No,3,0,0,0
10949,55,49,Month-to-Month,26.57,1344.89,Yes,2,0,0,0
10950,70,20,Month-to-Month,42.82,872.48,Yes,0,0,1,0
10951,40,63,Two Year,44.66,2809.24,Yes,3,0,9,0
10952,30,61,Two Year,68.41,3687.12,Yes,1,0,1,0
10953,50,49,Month-to-Month,94.74,4057.67,No,1,1,1,0
10954,46,71,Month-to-Month,67.38,4131.07,Yes,1,0,3,1
10955,70,1,Two Year,25.78,25.65,Yes,1,0,0,0
10956,63,13,Month-to-Month,115.78,1558.97,No,2,0,1,0
10957,51,51,Month-to-Month,114.27,5455.42,Yes,0,0,1,0
10958,51,56,One Year,98.52,4821.01,Yes,0,0,2,0
10959,44,62,Two Year,119.13,7035.06,No,1,0,0,0
10960,32,32,Month-to-Month,74.45,2191.25,No,1,1,2,0
10961,67,30,Month-to-Month,116.28,3226.65,No,1,2,5,1
10962,26,29,Two Year,27.56,778.67,Yes,1,0,2,0
10963,43,49,Month-to-Month,56.57,2754.59,No,3,0,3,1
10964,20,45,Month-to-Month,42.54,1669.5,Yes,2,3,0,1
10965,53,30,One Year,39.58,1017.74,Yes,2,3,1,1
10966,64,16,Two Year,34.08,571.93,No,0,0,0,0
10967,22,40,Month-to-Month,82.24,2949.28,Yes,0,0,2,0
10968,37,19,Two Year,98.13,1604.87,No,2,1,0,0
10969,37,18,One Year,77.83,1244.0,Yes,0,2,1,1
10970,22,1,Month-to-Month,34.7,29.77,Yes,2,1,0,1
10971,27,47,Two Year,101.11,4411.73,No,3,2,1,1
10972,33,66,Month-to-Month,83.6,5575.43,Yes,3,0,2,1
10973,42,38,Month-to-Month,58.82,2052.43,Yes,1,0,2,1
10974,61,51,One Year,87.41,4185.25,Yes,2,0,0,0
10975,42,63,Month-to-Month,45.99,2854.25,No,1,1,3,1
10976,47,4,Month-to-Month,54.52,207.56,Yes,3,0,2,1
10977,31,1,Month-to-Month,111.75,114.24,Yes,2,0,2,1
10978,39,8,Month-to-Month,49.05,401.51,Yes,1,1,5,1
10979,60,29,Two Year,67.0,1655.4,No,2,0,1,0
10980,45,55,One Year,109.01,6029.18,No,0,1,0,0
10981,47,3,Two Year,90.77,256.56,No,1,0,2,1
10982,36,32,Month-to-Month,26.22,879.12,Yes,0,1,8,1
10983,55,10,Month-to-Month,34.73,328.77,Yes,0,2,2,1
10984,59,34,Month-to-Month,20.78,739.99,Yes,2,0,5,0
10985,37,55,Month-to-Month,83.09,4574.13,Yes,3,2,4,1
10986,52,32,Month-to-Month,64.77,1864.8,Yes,2,0,2,0
10987,39,50,One Year,33.43,1600.76,No,2,1,3,0
10988,32,7,Two Year,115.79,849.78,No,0,2,1,1
10989,28,8,Two Year,72.97,596.31,Yes,1,0,2,0
10990,71,65,Month-to-Month,44.19,2497.43,Yes,0,2,2,1
10991,51,57,Two Year,70.06,3958.58,No,1,0,3,0
10992,74,67,Month-to-Month,87.96,5416.64,Yes,3,0,1,1
10993,41,59,Month-to-Month,27.62,1387.42,Yes,1,0,0,0
10994,23,54,Two Year,47.47,2385.73,Yes,0,2,4,0
10995,34,67,One Year,100.7,6051.64,Yes,1,0,3,0
10996,45,51,Month-to-Month,65.97,3410.81,No,0,1,8,0
10997,67,8,Month-to-Month,74.66,547.98,Yes,0,0,1,0
10998,48,34,Month-to-Month,63.28,2184.88,Yes,1,0,0,0
10999,53,35,One Year,24.39,725.7,Yes,0,0,0,1
11000,72,32,Month-to-Month,36.57,1066.75,No,2,1,4,0
11001,26,46,Two Year,64.55,2667.12,Yes,0,0,0,0
11002,27,16,Month-to-Month,40.92,587.1,Yes,4,1,7,1
11003,38,68,Month-to-Month,25.0,1468.18,No,1,1,0,0
11004,51,37,Month-to-Month,104.36,3426.63,No,3,2,6,1
11005,48,54,Month-to-Month,118.12,6130.42,No,0,2,4,0
11006,46,14,Month-to-Month,99.31,1262.81,No,3,0,6,1
11007,60,55,One Year,105.38,5410.35,Yes,1,0,0,0
11008,60,48,Two Year,44.2,1963.27,Yes,2,0,2,0
11009,28,7,Two Year,116.06,832.88,Yes,3,0,0,1
11010,50,7,Two Year,39.69,286.46,Yes,2,2,0,1
11011,63,33,Two Year,115.14,3604.29,No,0,0,1,1
11012,18,23,One Year,119.48,2517.29,No,1,0,4,1
11013,38,19,Two Year,91.17,1509.4,No,2,1,0,1
11014,40,19,Month-to-Month,118.11,2335.38,Yes,2,2,7,1
11015,74,36,Month-to-Month,76.95,2388.04,No,1,1,0,1
11016,26,29,Month-to-Month,45.95,1211.99,No,0,1,1,0
11017,73,60,Month-to-Month,63.7,3476.54,Yes,2,0,0,0
11018,18,2,Month-to-Month,79.36,145.08,No,3,2,4,1
11019,38,1,Two Year,27.31,24.11,Yes,5,0,0,1
11020,39,47,Month-to-Month,82.23,3890.44,Yes,1,0,6,0
11021,71,69,Month-to-Month,118.12,7127.42,No,1,1,2,1
11022,21,20,Month-to-Month,39.01,762.24,No,1,1,8,1
11023,18,11,Month-to-Month,99.26,955.13,Yes,1,0,1,0
11024,68,2,Month-to-Month,110.79,191.47,Yes,4,1,1,1
11025,27,67,Month-to-Month,114.37,7907.12,No,1,2,3,1
11026,32,12,Month-to-Month,116.01,1236.24,No,3,1,5,1
11027,69,20,Month-to-Month,72.15,1463.56,No,0,0,1,1
11028,53,5,One Year,117.73,564.47,Yes,1,0,6,1
11029,46,37,One Year,95.73,3065.86,Yes,1,1,0,0
11030,69,38,Month-to-Month,36.17,1430.94,Yes,1,0,3,0
11031,63,9,Month-to-Month,67.69,547.92,Yes,1,0,1,1
11032,22,53,Month-to-Month,91.83,4973.72,Yes,3,0,0,0
11033,46,44,One Year,44.73,1739.35,Yes,0,0,1,0
11034,64,24,Month-to-Month,84.06,2059.38,Yes,3,0,6,1
11035,64,30,Month-to-Month,86.66,2216.71,Yes,2,0,11,1
11036,44,59,One Year,36.27,2037.98,No,1,0,1,0
11037,42,14,Month-to-Month,76.51,1075.31,Yes,3,0,6,1
11038,33,9,Month-to-Month,97.16,906.76,Yes,1,2,2,1
11039,33,40,Month-to-Month,69.89,2884.61,Yes,2,1,3,1
11040,53,66,Two Year,21.21,1419.35,Yes,1,0,0,0
11041,42,25,Two Year,20.9,536.94,Yes,0,4,2,1
11042,58,22,One Year,55.7,1090.41,No,1,2,0,1
11043,18,4,Month-to-Month,112.62,408.51,No,1,1,0,1
11044,22,26,Month-to-Month,42.87,1011.85,Yes,0,1,2,1
11045,58,58,Two Year,83.44,4478.54,Yes,1,0,4,0
11046,37,29,Two Year,42.21,1136.77,Yes,1,1,2,0
11047,22,37,Month-to-Month,52.17,1850.98,No,3,1,8,1
11048,53,70,Two Year,104.8,6470.18,Yes,1,0,4,0
11049,46,18,Month-to-Month,92.89,1652.37,Yes,1,0,0,0
11050,65,42,Month-to-Month,29.54,1096.16,No,1,2,1,0
11051,51,41,One Year,62.87,2350.99,No,1,1,3,0
11052,65,38,Month-to-Month,22.92,827.99,No,1,0,8,0
11053,35,34,Two Year,68.09,2336.56,No,3,2,13,1
11054,19,17,Month-to-Month,86.24,1462.99,No,3,0,4,1
11055,33,37,Month-to-Month,31.85,1153.83,Yes,1,1,2,1
11056,46,25,Two Year,48.89,1076.99,Yes,2,1,4,0
11057,50,27,Two Year,59.78,1548.54,No,2,1,0,0
11058,33,57,Month-to-Month,111.95,5535.58,No,5,0,1,1
11059,52,31,Month-to-Month,119.33,3423.54,No,2,1,3,1
11060,64,6,One Year,24.49,137.05,Yes,2,1,6,0
11061,60,40,Month-to-Month,96.1,3298.01,Yes,2,0,10,0
11062,59,12,Two Year,57.17,620.73,Yes,2,1,1,1
11063,34,53,Two Year,59.25,3269.41,Yes,4,1,4,0
11064,21,71,Month-to-Month,95.43,7051.47,Yes,1,0,5,1
11065,66,10,Month-to-Month,111.84,1029.45,No,1,1,2,1
11066,21,45,Month-to-Month,115.09,4446.84,Yes,0,0,1,1
11067,68,17,Two Year,77.71,1170.23,No,6,1,2,1
11068,42,26,Month-to-Month,55.71,1344.81,No,0,0,2,0
11069,50,62,Month-to-Month,98.75,6364.68,Yes,3,0,2,1
11070,31,46,Month-to-Month,45.1,1822.0,Yes,1,0,2,1
11071,41,64,One Year,76.41,4903.46,Yes,1,0,5,1
11072,28,2,Month-to-Month,55.86,97.39,No,0,1,0,1
11073,42,54,Month-to-Month,85.66,4839.58,No,1,0,1,0
11074,45,65,Two Year,44.04,2651.69,No,1,0,2,0
11075,24,51,Two Year,39.16,2007.24,No,1,0,0,0
11076,66,53,One Year,111.82,5443.56,Yes,2,1,11,0
11077,53,36,Month-to-Month,30.18,1059.9,No,3,1,0,1
11078,27,26,Month-to-Month,70.6,1630.75,No,0,0,1,0
11079,66,29,One Year,42.09,1073.17,No,2,0,6,0
11080,53,21,Month-to-Month,23.89,520.56,Yes,2,1,0,1
11081,48,11,Two Year,23.6,268.3,No,2,1,5,1
11082,36,40,One Year,37.52,1542.06,Yes,1,0,2,0
11083,35,11,Month-to-Month,106.68,1144.24,No,1,0,0,1
11084,66,36,Two Year,48.25,1757.24,Yes,0,0,6,0
11085,23,59,Two Year,115.05,5863.48,Yes,3,0,0,0
11086,45,39,Month-to-Month,78.16,2795.11,Yes,1,1,2,1
11087,24,54,Month-to-Month,63.66,3137.67,Yes,1,0,0,1
11088,55,55,Month-to-Month,78.01,4192.42,Yes,4,0,0,0
11089,74,24,Month-to-Month,71.67,1584.52,No,2,0,6,1
11090,29,22,Month-to-Month,95.88,1855.61,Yes,6,1,4,1
11091,58,69,One Year,48.25,3227.02,Yes,1,0,0,0
11092,67,56,Two Year,55.31,3137.24,Yes,1,1,2,0
11093,51,33,Month-to-Month,109.41,3344.88,Yes,2,0,4,0
11094,42,36,Month-to-Month,114.65,3617.48,Yes,2,1,6,1
11095,34,20,One Year,109.26,1943.38,Yes,1,1,1,1
11096,70,62,Month-to-Month,61.94,3446.64,Yes,2,1,6,0
11097,50,26,Two Year,98.04,2319.57,No,3,2,2,0
11098,40,66,Month-to-Month,67.63,4367.88,Yes,2,1,3,1
11099,26,40,Month-to-Month,69.75,2706.83,Yes,0,1,11,0
11100,23,17,Month-to-Month,40.47,680.57,Yes,1,1,0,1
11101,19,1,One Year,79.11,72.98,No,1,1,0,1
11102,55,61,Month-to-Month,38.61,2390.07,Yes,1,1,1,0
11103,26,43,One Year,53.16,2036.3,Yes,0,0,0,0
11104,20,42,Month-to-Month,105.5,4182.01,Yes,1,1,1,1
11105,33,25,Month-to-Month,40.71,1028.12,Yes,2,2,4,1
11106,42,39,Month-to-Month,27.12,937.14,Yes,1,1,1,1
11107,41,35,Two Year,26.9,820.96,Yes,1,0,1,0
11108,64,3,Two Year,114.08,351.39,Yes,1,0,1,1
11109,46,44,Month-to-Month,70.69,2857.13,Yes,2,1,0,0
11110,61,51,Month-to-Month,60.94,3066.83,Yes,0,0,1,0
11111,72,12,Month-to-Month,101.09,1037.27,No,0,1,2,1
11112,57,19,Month-to-Month,103.58,1944.42,No,0,1,0,1
11113,43,44,Month-to-Month,53.22,2138.47,Yes,2,0,10,1
11114,55,59,Two Year,89.36,4540.18,Yes,1,1,1,0
11115,52,49,Two Year,97.11,4624.98,No,2,1,8,1
11116,40,61,Month-to-Month,85.47,4682.71,No,0,0,0,0
11117,21,17,Month-to-Month,35.16,554.3,Yes,1,1,4,0
11118,59,57,Two Year,107.59,5311.57,No,2,1,2,1
11119,31,55,Two Year,73.91,3574.94,Yes,3,0,5,0
11120,70,47,Month-to-Month,48.25,2062.74,Yes,3,1,2,1
11121,73,12,Month-to-Month,62.52,651.17,Yes,2,1,9,1
11122,64,62,Month-to-Month,23.76,1520.5,Yes,0,1,2,1
11123,56,8,Month-to-Month,32.79,223.29,Yes,1,2,4,1
11124,24,21,Month-to-Month,96.55,1919.63,Yes,3,1,6,1
11125,25,70,Month-to-Month,20.0,1224.51,No,2,4,3,1
11126,59,25,One Year,61.66,1405.13,Yes,0,0,2,0
11127,68,12,Month-to-Month,72.25,897.53,Yes,2,0,0,1
11128,36,15,Month-to-Month,25.46,336.97,Yes,4,0,5,0
11129,19,59,Month-to-Month,117.31,7220.06,Yes,3,2,1,1
11130,64,26,Two Year,42.61,987.28,Yes,1,1,2,0
11131,18,26,Two Year,50.42,1308.71,No,3,0,0,0
11132,59,47,Month-to-Month,50.39,2272.02,Yes,0,0,2,1
11133,55,32,Month-to-Month,43.04,1414.32,Yes,3,1,3,1
11134,71,10,Two Year,20.15,193.6,No,1,1,2,1
11135,30,16,Month-to-Month,92.93,1422.81,Yes,1,1,1,1
11136,59,71,Month-to-Month,116.68,7365.48,No,4,0,0,1
11137,61,17,Month-to-Month,42.43,637.09,Yes,2,0,1,0
11138,41,23,Month-to-Month,86.3,2050.99,Yes,5,0,3,1
11139,49,26,Month-to-Month,94.19,2242.17,Yes,3,0,0,0
11140,47,7,Two Year,104.84,678.41,Yes,2,0,2,1
11141,23,14,One Year,62.26,873.35,Yes,0,1,2,0
11142,55,7,Month-to-Month,50.29,323.08,No,2,1,10,1
11143,50,9,Two Year,52.53,491.88,No,2,1,0,1
11144,61,48,Month-to-Month,91.26,4369.9,No,1,3,0,1
11145,72,59,Month-to-Month,101.68,5816.06,No,3,0,2,0
11146,40,39,One Year,38.16,1527.2,Yes,1,0,2,0
11147,27,18,One Year,57.09,883.67,Yes,0,1,0,0
11148,74,59,Month-to-Month,110.19,5860.27,Yes,3,1,5,0
11149,63,17,Month-to-Month,100.67,1613.85,No,4,1,2,1
11150,32,14,One Year,118.49,1485.34,Yes,1,0,1,0
11151,40,31,One Year,95.42,2954.41,Yes,1,0,1,0
11152,73,24,One Year,59.32,1471.86,No,3,1,5,0
11153,53,60,Month-to-Month,79.06,4434.1,Yes,0,2,0,1
11154,74,45,Month-to-Month,86.1,3558.44,Yes,1,0,0,0
11155,18,3,Month-to-Month,27.85,87.09,Yes,5,2,0,1
11156,25,37,Month-to-Month,74.45,2586.54,Yes,0,1,2,0
11157,20,43,Two Year,90.93,3705.93,No,2,0,4,0
11158,31,40,Month-to-Month,36.73,1352.15,No,0,1,1,0
11159,34,55,Month-to-Month,98.06,5565.4,Yes,1,1,0,1
11160,51,39,One Year,78.38,2946.14,Yes,4,3,0,1
11161,64,15,Month-to-Month,115.22,1732.51,No,4,0,2,1
11162,23,4,Month-to-Month,24.24,98.16,Yes,0,1,0,1
11163,22,25,Two Year,46.53,1068.29,Yes,7,1,6,1
11164,63,13,Two Year,80.16,976.16,No,2,0,0,0
11165,68,33,One Year,49.66,1671.05,No,2,3,0,0
11166,58,16,Month-to-Month,91.44,1349.88,Yes,1,0,0,1
11167,57,42,One Year,95.9,4063.19,Yes,3,0,5,1
11168,46,66,One Year,30.25,2072.76,No,0,0,3,0
11169,52,55,Month-to-Month,71.39,3826.88,No,1,0,9,0
11170,35,42,Month-to-Month,70.89,2972.39,No,0,1,1,0
11171,57,34,Two Year,56.93,1956.95,Yes,1,0,0,1
11172,65,30,Month-to-Month,113.29,3463.3,No,0,0,2,0
11173,47,13,One Year,102.75,1240.93,Yes,0,0,2,1
11174,32,13,Month-to-Month,89.72,1003.36,No,0,0,2,1
11175,70,18,Month-to-Month,91.43,1531.16,Yes,3,1,1,1
11176,32,32,Month-to-Month,66.17,2085.15,Yes,1,0,0,0
11177,33,39,Two Year,112.1,4109.89,No,2,0,0,1
11178,74,46,Month-to-Month,89.46,4114.31,Yes,1,1,3,0
11179,50,29,Month-to-Month,92.9,2482.33,Yes,1,0,2,1
11180,27,62,One Year,106.17,6430.8,No,1,1,5,1
11181,36,62,One Year,47.41,2608.1,Yes,1,2,1,0
11182,54,57,Two Year,100.71,5739.75,No,1,2,5,1
11183,67,16,Month-to-Month,39.52,606.48,Yes,5,1,1,1
11184,20,56,Month-to-Month,54.53,2720.26,Yes,0,0,0,0
11185,53,10,Two Year,53.56,486.53,No,1,3,11,1
11186,21,30,One Year,117.85,3534.52,Yes,1,1,2,0
11187,28,25,Month-to-Month,105.65,2500.0,No,2,0,2,1
11188,58,5,Month-to-Month,90.12,402.48,Yes,1,1,3,1
11189,50,65,Two Year,92.71,6288.01,No,1,0,1,0
11190,45,49,Month-to-Month,76.21,3708.24,Yes,3,0,4,1
11191,49,3,One Year,114.71,358.39,Yes,1,0,6,0
11192,74,45,Month-to-Month,69.63,2931.0,No,0,1,1,1
11193,33,14,Month-to-Month,58.05,768.02,Yes,1,1,3,1
11194,26,30,One Year,36.3,1121.22,No,1,0,4,0
11195,28,68,Month-to-Month,98.62,6404.45,No,3,1,0,1
11196,23,18,Month-to-Month,93.44,1667.55,No,1,2,1,0
11197,66,62,Month-to-Month,58.44,3262.53,No,2,1,0,1
11198,44,37,Month-to-Month,22.52,782.7,Yes,2,1,2,0
11199,29,25,One Year,103.9,2272.01,Yes,0,1,4,0
11200,39,48,Two Year,21.14,904.31,Yes,2,0,2,0
11201,57,65,One Year,90.37,4994.05,Yes,0,0,0,0
11202,65,53,Month-to-Month,117.03,5320.91,Yes,0,2,2,1
11203,54,15,Month-to-Month,63.77,1000.03,Yes,1,0,5,1
11204,38,49,Month-to-Month,43.5,1915.09,Yes,2,1,1,0
11205,50,68,Two Year,90.49,6046.63,Yes,3,0,5,0
11206,34,12,Two Year,101.71,1242.27,Yes,2,2,4,1
11207,73,59,Two Year,74.64,4228.19,No,1,0,0,0
11208,46,37,Month-to-Month,116.7,3802.47,Yes,1,2,0,0
11209,70,61,Month-to-Month,25.17,1528.65,Yes,2,0,2,0
11210,57,43,Month-to-Month,70.48,2939.87,No,0,0,3,0
11211,27,70,Month-to-Month,91.85,6405.39,Yes,2,1,6,1
11212,35,39,Month-to-Month,106.26,4160.51,No,3,0,3,1
11213,64,56,Two Year,37.93,2219.84,Yes,2,2,1,0
11214,69,63,Month-to-Month,100.0,6077.69,Yes,2,1,0,0
11215,30,46,Month-to-Month,75.27,3179.64,No,0,0,4,0
11216,44,11,Month-to-Month,59.66,642.93,No,0,2,0,1
11217,27,62,Two Year,33.17,1776.21,Yes,2,1,3,0
11218,49,25,One Year,106.53,2741.76,No,0,0,0,0
11219,58,71,One Year,35.73,2216.88,Yes,5,0,0,0
11220,62,52,Two Year,50.98,2427.14,Yes,0,2,0,0
11221,20,4,Month-to-Month,49.0,198.58,Yes,0,3,1,1
11222,39,59,One Year,107.14,6128.22,Yes,2,0,3,0
11223,44,20,Month-to-Month,87.27,1621.0,Yes,2,1,0,1
11224,72,63,Month-to-Month,99.67,5931.89,No,0,1,7,0
11225,20,54,Two Year,45.05,2483.57,Yes,1,1,2,0
11226,50,57,One Year,82.49,4316.38,Yes,2,1,2,0
11227,19,41,Month-to-Month,77.17,3239.68,Yes,2,0,1,0
11228,28,3,Month-to-Month,103.28,268.83,No,2,0,2,0
11229,63,6,Month-to-Month,110.61,667.22,No,1,2,0,1
11230,27,5,Month-to-Month,21.22,108.17,No,4,0,13,1
11231,56,5,Month-to-Month,87.4,387.34,No,4,0,2,1
11232,72,54,Month-to-Month,25.18,1272.79,No,0,4,0,1
11233,50,47,Month-to-Month,74.89,3108.36,No,1,0,2,0
11234,24,49,Two Year,48.76,2368.5,No,0,1,1,1
11235,32,9,Month-to-Month,50.68,436.54,Yes,1,0,0,1
11236,43,20,Month-to-Month,55.3,1080.63,Yes,2,0,7,1
11237,28,61,Month-to-Month,82.13,4455.32,Yes,3,1,0,1
11238,55,35,Two Year,53.4,1667.8,Yes,0,0,2,0
11239,44,50,Month-to-Month,93.27,4002.68,Yes,1,1,9,1
11240,71,62,Month-to-Month,60.45,3427.13,Yes,4,2,0,0
11241,56,17,Month-to-Month,26.84,438.92,No,2,1,0,1
11242,24,3,One Year,98.38,301.51,Yes,2,0,0,1
11243,18,32,One Year,48.58,1528.73,No,4,0,0,0
11244,27,13,Two Year,63.28,770.88,No,1,1,0,0
11245,38,68,Two Year,88.54,6265.31,No,2,1,5,0
11246,32,14,One Year,53.25,740.91,No,2,0,5,1
11247,47,11,One Year,25.66,292.43,No,3,0,3,1
11248,47,56,Month-to-Month,57.39,3070.88,Yes,0,1,1,1
11249,25,67,Month-to-Month,114.44,6914.39,Yes,1,2,5,1
11250,41,29,Two Year,84.17,2100.58,Yes,1,4,2,1
11251,36,9,Month-to-Month,87.15,780.6,No,2,2,1,0
11252,20,67,Month-to-Month,83.23,4875.24,No,0,1,1,0
11253,72,25,One Year,39.9,908.28,No,2,0,0,1
11254,32,42,Month-to-Month,61.83,2483.88,Yes,2,0,8,0
11255,53,9,One Year,95.09,824.05,Yes,1,1,2,1
11256,23,40,One Year,30.14,1169.57,Yes,2,1,3,1
11257,74,25,Month-to-Month,47.79,1055.26,Yes,2,0,3,1
11258,59,5,Two Year,47.63,220.51,Yes,1,1,3,1
11259,67,11,Month-to-Month,63.2,676.73,Yes,2,1,0,1
11260,65,59,Month-to-Month,118.04,7270.54,No,1,0,2,0
11261,35,38,Month-to-Month,26.75,1011.95,Yes,2,1,5,0
11262,55,5,One Year,71.87,371.76,Yes,0,0,0,1
11263,36,48,One Year,37.94,1825.57,No,0,0,9,0
11264,66,18,Month-to-Month,117.07,2040.55,Yes,0,1,1,1
11265,67,70,One Year,31.33,1948.36,Yes,0,3,1,0
11266,47,37,Month-to-Month,60.36,2196.11,Yes,1,1,2,1
11267,30,60,Two Year,93.79,5484.89,Yes,3,0,4,0
11268,56,48,Month-to-Month,90.46,4213.96,Yes,1,0,1,1
11269,69,28,One Year,62.27,1652.82,Yes,2,0,3,1
11270,29,69,Month-to-Month,54.65,3603.92,Yes,0,3,2,0
11271,51,40,Month-to-Month,59.76,2191.73,Yes,1,1,2,1
11272,29,45,Month-to-Month,46.43,1992.95,Yes,2,1,0,0
11273,61,62,Two Year,40.53,2235.22,No,0,2,0,0
11274,41,58,Month-to-Month,68.3,4005.11,Yes,2,2,0,1
11275,21,67,Two Year,46.85,2784.74,No,2,1,1,0
11276,53,56,Month-to-Month,48.75,2366.89,Yes,0,2,0,0
11277,67,40,Month-to-Month,85.68,3212.14,Yes,1,2,2,1
11278,65,40,Month-to-Month,116.85,4588.29,No,2,0,1,0
11279,31,33,Two Year,80.36,2486.25,Yes,3,2,0,0
11280,34,6,Month-to-Month,27.7,150.47,Yes,2,0,0,1
11281,66,19,Two Year,27.56,503.55,No,1,0,0,0
11282,20,40,Two Year,115.14,4234.39,Yes,0,2,1,0
11283,55,59,Two Year,49.73,3041.38,No,0,0,0,0
11284,40,59,Month-to-Month,29.21,1782.9,No,2,1,2,0
11285,30,48,One Year,79.9,3645.26,Yes,1,1,1,0
11286,26,41,One Year,82.36,3091.68,Yes,1,1,2,0
11287,38,13,Month-to-Month,84.85,1100.21,Yes,1,4,3,1
11288,58,45,One Year,46.74,1803.25,No,1,0,0,0
11289,25,53,Month-to-Month,21.51,1077.28,No,1,1,0,0
11290,34,42,Month-to-Month,116.5,4488.18,No,0,3,0,1
11291,33,63,Month-to-Month,45.09,2937.56,Yes,3,4,0,1
11292,33,27,Month-to-Month,87.6,2016.1,No,2,0,0,1
11293,45,38,Month-to-Month,90.66,3309.22,Yes,2,1,4,1
11294,68,60,Month-to-Month,81.0,4850.93,Yes,1,0,0,0
11295,73,7,One Year,51.29,340.0,No,0,2,15,1
11296,33,5,Month-to-Month,47.11,204.24,Yes,2,0,0,0
11297,74,45,Month-to-Month,79.77,3749.36,No,2,2,4,1
11298,63,58,Month-to-Month,106.61,5896.48,Yes,2,1,3,0
11299,69,31,One Year,114.67,3458.21,No,3,3,1,1
11300,63,23,One Year,30.59,631.33,Yes,3,0,1,1
11301,31,42,One Year,35.48,1410.73,Yes,1,1,2,0
11302,63,10,One Year,114.47,1071.24,Yes,0,1,5,0
11303,61,32,Month-to-Month,93.65,2592.17,Yes,0,0,1,0
11304,55,53,One Year,108.3,5000.78,Yes,4,1,0,1
11305,37,30,Month-to-Month,40.26,1228.93,No,2,2,1,1
11306,62,39,Month-to-Month,78.76,2758.22,Yes,2,1,0,1
11307,65,31,One Year,90.11,2483.32,Yes,2,1,8,1
11308,58,2,Month-to-Month,88.01,167.39,Yes,1,0,3,1
11309,51,12,One Year,60.82,732.58,Yes,0,0,0,0
11310,71,39,One Year,21.54,724.46,No,4,2,1,1
11311,46,66,Month-to-Month,78.29,4988.16,No,3,0,0,1
11312,20,13,Month-to-Month,45.31,514.72,Yes,4,1,5,1
11313,27,46,Month-to-Month,65.03,2564.49,Yes,2,1,7,0
11314,37,27,Two Year,115.76,2689.66,No,2,1,0,0
11315,19,17,One Year,59.9,1035.44,Yes,1,2,1,0
11316,44,60,Month-to-Month,103.98,5450.18,Yes,2,0,8,1
11317,49,64,Month-to-Month,38.85,2135.89,Yes,1,1,0,0
11318,73,35,One Year,87.25,2863.13,Yes,4,0,1,0
11319,27,70,Two Year,117.7,8393.88,Yes,2,2,1,0
11320,57,30,Month-to-Month,30.19,817.38,Yes,4,3,0,0
11321,34,71,Month-to-Month,20.83,1381.83,Yes,1,2,0,0
11322,71,63,Two Year,63.36,3424.8,Yes,1,1,9,0
11323,50,28,Month-to-Month,29.26,769.97,Yes,0,2,2,0
11324,23,60,Month-to-Month,94.84,5494.21,Yes,0,0,1,1
11325,56,37,Two Year,111.45,3975.95,Yes,0,0,1,0
11326,64,22,One Year,63.4,1278.31,Yes,3,0,3,0
11327,35,68,Month-to-Month,45.87,2848.13,No,2,0,1,0
11328,26,20,Month-to-Month,63.44,1105.54,Yes,2,1,0,1
11329,25,68,Month-to-Month,92.34,5797.89,No,2,0,0,0
11330,42,64,Month-to-Month,20.91,1164.13,Yes,0,1,3,1
11331,48,17,Two Year,78.95,1346.6,No,0,0,0,0
11332,59,12,Month-to-Month,81.33,1018.18,Yes,1,0,0,1
11333,21,22,One Year,83.77,1924.06,Yes,1,1,1,1
11334,37,17,Two Year,44.2,768.69,No,2,1,0,1
11335,45,10,Month-to-Month,91.41,886.82,Yes,1,1,10,1
11336,57,65,Month-to-Month,29.14,1875.49,No,1,1,2,0
11337,18,22,Month-to-Month,39.93,796.8,Yes,0,0,0,0
11338,57,50,Two Year,107.75,5259.03,No,3,0,0,0
11339,72,14,Two Year,93.87,1236.81,No,2,2,2,0
11340,61,64,Month-to-Month,21.37,1294.38,No,3,0,1,0
11341,40,47,One Year,44.84,2110.76,Yes,2,2,4,0
11342,74,29,One Year,41.44,1089.26,Yes,1,1,2,0
11343,64,36,Two Year,47.08,1548.46,No,1,0,1,0
11344,30,52,Month-to-Month,44.76,2408.82,No,3,0,9,1
11345,33,7,Month-to-Month,26.25,158.25,No,3,1,1,1
11346,43,29,Two Year,65.89,1809.78,Yes,0,0,1,0
11347,72,11,Month-to-Month,93.27,1059.38,No,2,0,3,1
11348,48,33,Month-to-Month,80.67,2587.76,Yes,2,1,4,1
11349,67,6,Month-to-Month,87.29,502.41,Yes,0,0,2,1
11350,18,32,Month-to-Month,28.11,809.52,Yes,2,1,3,1
11351,34,51,Month-to-Month,115.15,5394.94,Yes,3,0,1,1
11352,33,58,Two Year,103.85,6146.23,No,1,2,1,0
11353,72,26,Month-to-Month,100.51,2513.55,Yes,2,0,0,1
11354,54,46,Month-to-Month,102.3,4484.38,Yes,3,1,3,1
11355,69,29,One Year,113.27,2857.53,Yes,2,0,0,0
11356,70,4,Month-to-Month,74.43,254.02,Yes,1,1,0,1
11357,27,13,Month-to-Month,40.03,542.63,Yes,1,2,8,1
11358,55,39,One Year,81.68,2947.87,Yes,2,2,1,0
11359,61,15,Two Year,94.29,1372.83,Yes,3,1,0,1
11360,48,29,One Year,93.79,2355.29,No,1,0,0,0
11361,27,29,One Year,72.14,2064.07,No,2,2,1,1
11362,71,32,Month-to-Month,26.85,890.57,Yes,2,0,1,0
11363,66,2,Two Year,57.11,110.24,Yes,2,0,0,0
11364,51,47,Month-to-Month,112.08,4610.47,Yes,3,1,0,0
11365,68,22,One Year,78.44,1667.6,No,2,1,1,1
11366,69,27,Month-to-Month,73.83,1999.93,Yes,2,1,1,1
11367,23,67,Two Year,46.89,2925.75,Yes,1,0,0,0
11368,45,56,One Year,56.84,3265.7,Yes,0,3,1,1
11369,45,21,One Year,109.53,2253.52,No,0,0,1,1
11370,30,47,Month-to-Month,86.65,4194.11,Yes,1,0,0,1
11371,58,59,Month-to-Month,98.74,5678.28,Yes,5,3,6,1
11372,29,6,One Year,65.43,344.0,No,3,0,6,1
11373,67,19,One Year,83.02,1438.47,No,4,0,0,1
11374,57,57,Month-to-Month,44.84,2275.65,No,1,2,0,0
11375,74,69,Two Year,90.55,6446.42,Yes,1,0,2,0
11376,67,3,Two Year,62.76,188.67,No,2,0,2,1
11377,74,1,Month-to-Month,64.25,63.3,No,0,0,9,1
11378,72,58,Two Year,84.93,4483.56,No,1,2,1,0
11379,74,38,Month-to-Month,113.63,3829.19,No,1,2,2,0
11380,71,15,Month-to-Month,26.4,396.51,No,1,1,6,1
11381,19,34,Month-to-Month,102.47,3291.77,Yes,1,2,1,0
11382,25,61,One Year,49.24,2688.73,Yes,2,1,0,0
11383,59,35,One Year,64.39,2193.53,No,3,0,1,0
11384,26,64,Month-to-Month,22.19,1218.59,Yes,0,0,0,0
11385,73,25,One Year,50.1,1146.33,Yes,1,2,0,0
11386,67,24,One Year,70.26,1591.32,Yes,2,0,4,0
11387,25,12,One Year,25.62,270.42,No,1,1,0,0
11388,68,18,Month-to-Month,69.11,1302.36,Yes,2,1,0,1
11389,20,15,Two Year,112.71,1507.75,No,1,1,6,1
11390,26,27,Month-to-Month,30.54,722.39,Yes,3,1,1,1
11391,30,60,Month-to-Month,96.44,5153.99,Yes,3,0,0,0
11392,26,46,Month-to-Month,60.97,2815.31,Yes,2,0,0,1
11393,48,17,Month-to-Month,85.52,1359.49,Yes,0,0,0,1
11394,42,53,Two Year,46.02,2349.02,Yes,1,2,0,0
11395,69,8,Month-to-Month,35.95,245.67,Yes,3,1,5,0
11396,61,27,One Year,36.05,834.05,Yes,1,0,0,1
11397,72,46,Month-to-Month,27.05,1168.6,No,1,1,2,0
11398,62,50,Month-to-Month,38.56,1953.7,Yes,1,1,0,0
11399,25,71,Two Year,86.42,6301.78,No,2,2,8,0
11400,64,3,One Year,108.17,281.46,Yes,2,1,2,1
11401,48,64,Month-to-Month,101.41,6215.53,Yes,3,1,7,1
11402,62,44,Month-to-Month,88.51,4021.58,Yes,1,0,1,0
11403,70,53,Month-to-Month,31.04,1526.0,No,2,0,4,0
11404,62,24,Month-to-Month,48.92,1192.76,No,1,2,5,1
11405,48,60,One Year,50.98,2681.77,No,2,1,3,0
11406,34,3,One Year,45.0,140.01,Yes,2,0,0,1
11407,64,20,Month-to-Month,71.5,1430.41,No,2,1,0,1
11408,74,46,Two Year,73.56,3513.25,Yes,0,1,0,0
11409,71,15,One Year,55.69,823.09,Yes,1,0,0,0
11410,36,25,Month-to-Month,55.38,1277.45,Yes,0,1,3,0
11411,20,71,Month-to-Month,102.86,7577.92,Yes,1,1,2,0
11412,63,17,One Year,98.93,1522.23,Yes,3,2,2,0
11413,47,9,One Year,50.78,418.83,No,2,0,0,1
11414,27,38,Month-to-Month,111.38,4190.8,Yes,1,0,0,1
11415,66,48,Month-to-Month,115.28,5550.39,Yes,2,0,0,0
11416,46,60,Month-to-Month,52.67,3273.59,Yes,2,1,1,0
11417,57,63,Two Year,55.44,3111.88,No,2,0,4,0
11418,35,2,Month-to-Month,70.56,142.47,Yes,0,0,0,1
11419,29,11,Month-to-Month,114.11,1252.33,Yes,1,1,3,1
11420,66,64,One Year,107.63,5942.96,No,1,1,2,0
11421,40,21,Two Year,30.26,589.35,Yes,1,1,6,0
11422,28,18,Two Year,59.27,967.17,Yes,1,1,0,0
11423,26,64,Month-to-Month,75.34,4392.13,Yes,0,0,1,0
11424,71,38,Month-to-Month,70.31,2796.26,Yes,0,0,0,0
11425,73,32,Month-to-Month,39.39,1233.45,No,1,0,1,1
11426,41,11,Month-to-Month,105.88,1157.15,Yes,1,0,2,1
11427,42,45,Two Year,87.69,4124.9,Yes,0,2,3,0
11428,72,33,Month-to-Month,103.79,3169.7,Yes,3,1,0,1
11429,42,41,Month-to-Month,105.88,4386.09,Yes,2,0,0,1
11430,64,8,Month-to-Month,94.84,710.85,No,2,0,2,1
11431,26,11,Month-to-Month,63.92,719.93,Yes,1,0,1,1
11432,29,51,One Year,81.05,3662.87,Yes,0,2,1,0
11433,28,41,Month-to-Month,36.04,1536.06,No,2,0,5,0
11434,66,17,Month-to-Month,87.36,1327.33,No,0,1,2,1
11435,55,46,Month-to-Month,37.93,1596.9,No,1,1,3,0
11436,45,32,Month-to-Month,89.39,2864.02,Yes,1,2,3,1
11437,25,54,Month-to-Month,42.96,2154.55,No,2,1,4,0
11438,27,20,One Year,31.76,617.19,Yes,1,0,3,1
11439,42,33,One Year,36.53,1131.85,Yes,0,1,0,0
11440,64,40,One Year,20.2,806.77,Yes,2,1,1,0
11441,53,32,Two Year,91.87,2633.12,No,0,1,13,1
11442,67,2,Two Year,93.24,160.69,Yes,2,1,0,1
11443,60,33,Two Year,71.49,2146.81,Yes,2,0,2,0
11444,26,30,Month-to-Month,36.14,1024.42,Yes,0,1,5,0
11445,58,33,Month-to-Month,28.36,826.95,Yes,2,0,2,0
11446,25,26,Month-to-Month,21.91,524.63,No,1,0,1,0
11447,20,22,Two Year,36.57,748.22,Yes,1,1,0,1
11448,70,66,Two Year,109.09,6202.59,Yes,0,1,1,0
11449,35,38,Two Year,44.15,1621.77,No,4,0,0,0
11450,63,46,Month-to-Month,55.43,2618.29,Yes,2,2,9,1
11451,52,15,Two Year,30.53,403.16,No,3,1,3,0
11452,34,44,Month-to-Month,42.24,1801.99,No,2,1,4,1
11453,53,49,Month-to-Month,71.92,3463.99,No,3,0,1,1
11454,70,61,Month-to-Month,80.78,4601.7,No,2,1,0,1
11455,45,67,Month-to-Month,44.54,2954.99,Yes,0,0,0,1
11456,67,6,Month-to-Month,25.77,144.13,Yes,2,0,0,1
11457,32,9,Month-to-Month,59.1,505.8,Yes,1,1,2,1
11458,36,6,Month-to-Month,43.42,221.83,Yes,1,0,1,1
11459,39,32,One Year,41.96,1327.07,Yes,3,0,1,0
11460,23,41,Two Year,115.99,4671.27,Yes,0,2,2,0
11461,64,8,One Year,81.63,560.1,No,3,0,13,1
11462,24,50,Month-to-Month,75.69,3495.55,Yes,2,0,1,0
11463,61,62,Two Year,61.58,3992.85,Yes,1,2,2,0
11464,65,62,Two Year,62.89,3642.41,Yes,2,1,0,0
11465,26,7,Month-to-Month,74.09,492.9,Yes,2,0,1,0
11466,37,4,Month-to-Month,89.64,370.03,No,2,3,0,1
11467,54,6,Month-to-Month,90.21,537.72,Yes,0,0,2,1
11468,28,58,Month-to-Month,37.17,2083.45,Yes,1,2,0,0
11469,19,22,One Year,70.01,1554.95,Yes,0,1,0,0
11470,39,26,Two Year,61.2,1627.6,Yes,1,2,5,0
11471,65,3,Month-to-Month,107.05,302.32,Yes,3,0,0,1
11472,53,41,Two Year,83.14,3221.33,No,1,1,1,0
11473,22,60,Two Year,73.25,4075.09,Yes,3,0,1,0
11474,24,14,Two Year,31.54,460.7,Yes,0,2,1,0
11475,23,12,Month-to-Month,80.56,956.5,Yes,1,2,3,1
11476,73,12,Two Year,31.72,329.88,No,1,1,2,1
11477,39,13,Month-to-Month,53.72,714.14,No,4,1,1,1
11478,27,25,One Year,34.28,810.82,Yes,4,1,0,0
11479,63,45,Month-to-Month,89.21,3467.48,Yes,1,0,4,0
11480,57,19,Month-to-Month,40.63,741.05,No,1,0,1,0
11481,63,55,One Year,59.19,3038.74,No,3,0,6,0
11482,63,45,Month-to-Month,109.57,5056.63,No,1,0,1,1
11483,37,8,Month-to-Month,40.43,288.12,No,1,0,3,0
11484,45,53,Month-to-Month,70.78,3808.71,Yes,2,5,8,1
11485,40,55,One Year,61.93,3275.14,Yes,1,2,3,0
11486,52,32,Month-to-Month,21.81,600.85,No,2,1,1,1
11487,18,51,Two Year,99.28,5287.93,No,0,3,2,0
11488,46,44,Month-to-Month,26.9,1127.41,Yes,1,0,2,0
11489,26,70,Month-to-Month,67.43,4286.68,Yes,1,1,2,0
11490,26,18,Month-to-Month,76.07,1292.42,No,0,0,0,1
11491,39,22,Month-to-Month,82.84,1861.79,Yes,1,2,3,0
11492,19,37,Month-to-Month,88.86,2995.14,No,1,0,0,1
11493,33,56,Month-to-Month,45.33,2255.53,Yes,0,1,0,0
11494,57,59,Two Year,21.0,1085.13,Yes,3,0,2,0
11495,23,3,One Year,92.34,251.97,Yes,2,3,0,1
11496,72,28,Month-to-Month,73.57,2072.34,Yes,2,2,4,0
11497,30,35,Month-to-Month,103.61,3424.45,Yes,2,0,6,1
11498,50,61,Two Year,102.14,5579.43,Yes,1,2,8,1
11499,36,54,Month-to-Month,104.33,4976.0,No,2,0,3,1
11500,32,63,Month-to-Month,68.51,3955.93,No,2,2,1,1
11501,50,7,One Year,53.36,387.71,Yes,3,0,1,1
11502,27,49,One Year,99.16,4463.36,Yes,1,0,2,0
11503,18,31,One Year,65.13,2115.19,Yes,3,0,0,0
11504,29,58,Month-to-Month,38.34,2105.97,Yes,1,0,1,0
11505,60,61,Month-to-Month,105.5,5700.78,Yes,2,1,3,0
11506,46,24,One Year,108.26,2671.58,Yes,1,0,0,0
11507,34,20,Month-to-Month,66.63,1255.4,Yes,0,0,0,1
11508,21,37,Month-to-Month,27.57,1011.86,Yes,2,1,4,0
11509,46,4,Month-to-Month,58.78,246.11,Yes,2,2,0,1
11510,72,20,Month-to-Month,100.35,1726.09,No,0,1,0,1
11511,24,60,Two Year,110.18,5747.03,Yes,3,0,0,0
11512,61,24,Two Year,40.35,962.68,No,0,2,3,0
11513,30,50,One Year,26.7,1210.0,No,0,0,2,0
11514,22,49,Month-to-Month,107.74,4681.97,No,2,2,3,1
11515,23,51,Month-to-Month,58.94,2578.71,No,4,2,0,1
11516,51,36,Month-to-Month,74.18,2281.58,Yes,1,0,3,0
11517,70,66,Month-to-Month,116.81,7747.21,Yes,3,0,2,1
11518,24,34,Two Year,26.66,794.85,Yes,3,1,1,0
11519,63,36,Month-to-Month,84.83,2881.47,No,2,2,1,1
11520,74,6,Month-to-Month,27.41,159.72,No,1,0,2,0
11521,71,39,Month-to-Month,57.55,2100.07,No,3,1,2,1
11522,45,42,One Year,100.38,3606.42,Yes,4,1,3,1
11523,63,58,Month-to-Month,63.35,3698.92,No,2,0,0,0
11524,27,12,Month-to-Month,119.72,1224.16,Yes,2,1,2,1
11525,21,3,Month-to-Month,75.91,228.27,Yes,3,1,1,1
11526,20,18,Two Year,52.12,965.05,No,0,1,1,0
11527,42,40,Month-to-Month,42.01,1573.81,Yes,1,1,1,0
11528,40,21,Two Year,55.05,1106.47,No,1,0,6,1
11529,44,15,Two Year,57.25,811.86,Yes,1,1,5,0
11530,31,26,Month-to-Month,26.87,648.21,No,2,2,2,1
11531,55,8,One Year,56.96,468.2,Yes,4,1,3,1
11532,49,42,Month-to-Month,66.42,2869.94,No,2,1,0,0
11533,40,44,Two Year,92.27,3723.57,No,2,0,4,1
11534,64,14,Month-to-Month,85.67,1167.01,No,0,1,1,1
11535,57,2,Month-to-Month,90.88,188.19,Yes,4,1,1,1
11536,54,37,Month-to-Month,20.84,803.78,No,2,0,0,0
11537,20,69,Month-to-Month,41.77,2743.19,Yes,1,1,0,0
11538,52,38,Two Year,86.17,3079.84,Yes,0,1,0,0
11539,30,41,Month-to-Month,68.4,2540.05,Yes,2,2,0,1
11540,51,62,One Year,20.53,1326.03,No,4,0,0,0
11541,41,60,Month-to-Month,100.45,5295.1,Yes,0,1,3,0
11542,18,14,Two Year,97.28,1315.57,No,0,2,0,1
11543,29,2,Month-to-Month,74.84,135.69,No,2,0,1,1
11544,25,70,Month-to-Month,26.65,1689.77,Yes,0,0,5,0
11545,36,17,Month-to-Month,96.65,1529.67,No,1,0,0,1
11546,26,28,One Year,78.37,2303.55,Yes,2,0,5,1
11547,45,66,Month-to-Month,98.2,5580.27,No,1,0,3,0
11548,31,35,Month-to-Month,95.17,3216.73,Yes,1,1,1,1
11549,44,5,Month-to-Month,100.3,434.56,Yes,0,3,0,1
11550,35,65,One Year,71.8,4111.18,Yes,0,1,0,0
11551,59,40,Month-to-Month,34.03,1276.69,Yes,0,0,1,0
11552,58,56,One Year,87.12,4644.99,Yes,0,2,0,0
11553,23,36,Month-to-Month,82.05,2663.61,Yes,2,0,0,1
11554,50,45,Two Year,94.23,3872.68,Yes,5,0,0,1
11555,54,23,Two Year,36.99,737.95,Yes,2,2,2,0
11556,59,47,Month-to-Month,39.5,1690.61,Yes,1,0,0,0
11557,42,31,Month-to-Month,109.04,3526.64,No,4,1,4,1
11558,30,11,Month-to-Month,95.0,1085.69,Yes,0,1,0,1
11559,71,10,Month-to-Month,110.82,1016.19,No,1,0,4,1
11560,40,67,Month-to-Month,95.87,6193.15,Yes,0,1,0,0
11561,53,14,One Year,79.72,1151.7,No,2,0,3,1
11562,50,10,Month-to-Month,85.41,727.04,No,0,0,1,1
11563,38,1,Two Year,108.91,110.23,Yes,0,0,2,1
11564,51,5,Month-to-Month,77.88,404.85,No,4,2,0,1
11565,73,20,One Year,83.24,1445.49,Yes,3,0,2,1
11566,53,8,Month-to-Month,35.65,251.63,No,2,1,0,1
11567,34,43,Month-to-Month,67.39,3019.91,No,3,0,1,1
11568,27,1,Month-to-Month,91.64,87.75,Yes,1,1,0,1
11569,40,57,Month-to-Month,47.09,2289.13,No,1,0,1,0
11570,61,64,Month-to-Month,40.23,2321.18,Yes,0,0,0,0
11571,19,28,One Year,51.38,1352.31,Yes,0,1,0,0
11572,52,37,Two Year,44.15,1614.9,Yes,1,0,2,0
11573,31,47,Month-to-Month,41.49,1943.46,No,1,3,11,1
11574,74,37,Month-to-Month,62.49,2425.62,No,0,0,1,1
11575,64,49,Month-to-Month,110.78,4926.12,No,1,0,3,0
11576,62,44,Month-to-Month,70.71,2979.46,Yes,2,3,2,0
11577,58,56,Month-to-Month,38.79,2078.11,Yes,0,0,2,0
11578,19,28,One Year,27.7,722.18,No,2,0,0,1
11579,36,6,Two Year,89.62,475.25,Yes,1,0,0,1
11580,33,61,Two Year,58.28,3716.81,Yes,2,2,6,0
11581,60,20,Month-to-Month,102.18,2085.83,Yes,1,1,1,1
11582,61,2,Two Year,85.95,163.25,Yes,2,0,2,1
11583,42,37,One Year,99.62,3577.75,Yes,0,2,2,0
11584,18,20,Month-to-Month,47.19,845.13,No,1,1,1,1
11585,19,26,Month-to-Month,89.24,2224.55,Yes,1,0,1,1
11586,65,29,Two Year,46.41,1331.08,Yes,4,0,2,1
11587,44,1,Month-to-Month,113.91,108.56,Yes,1,0,0,1
11588,19,35,Month-to-Month,83.64,3068.08,Yes,2,0,1,1
11589,47,70,Month-to-Month,52.45,3569.68,Yes,1,0,1,0
11590,68,59,One Year,46.95,2560.07,Yes,1,1,12,0
11591,27,69,Month-to-Month,39.09,2709.16,No,1,2,1,0
11592,36,33,Two Year,89.46,2610.0,Yes,3,2,3,1
11593,59,51,One Year,41.87,1979.28,No,1,0,0,0
11594,33,12,One Year,79.53,877.43,No,1,0,0,1
11595,30,20,Month-to-Month,46.46,870.07,Yes,0,3,6,1
11596,65,53,One Year,86.2,4597.64,Yes,1,1,3,0
11597,67,43,Month-to-Month,101.49,4132.05,No,1,2,1,0
11598,73,50,Month-to-Month,97.8,4933.05,Yes,2,0,2,0
11599,25,29,Month-to-Month,96.09,2689.91,Yes,2,0,0,1
11600,73,57,Month-to-Month,38.77,2029.59,Yes,1,1,3,0
11601,67,39,One Year,28.84,1138.25,Yes,3,1,0,0
11602,48,56,Month-to-Month,89.89,4518.67,Yes,0,0,4,0
11603,62,43,Month-to-Month,56.83,2186.8,No,0,1,2,0
11604,42,50,Month-to-Month,63.23,3006.27,No,1,0,0,1
11605,56,23,Two Year,23.11,479.53,Yes,3,0,5,0
11606,38,44,One Year,45.96,1722.58,Yes,1,1,12,0
11607,72,38,One Year,23.37,870.0,Yes,4,2,0,0
11608,73,23,Month-to-Month,107.92,2363.56,Yes,0,0,4,1
11609,74,45,Month-to-Month,44.34,1873.79,Yes,1,1,4,0
11610,67,52,Two Year,75.73,4108.84,Yes,2,0,4,0
11611,55,50,Month-to-Month,23.9,1152.27,Yes,0,2,9,0
11612,58,8,Month-to-Month,86.68,709.17,Yes,0,1,2,1
11613,46,1,One Year,52.3,45.91,Yes,0,1,3,0
11614,23,8,Month-to-Month,109.79,846.56,No,0,1,5,0
11615,35,29,Two Year,108.81,3229.95,Yes,0,0,1,0
11616,66,5,Month-to-Month,52.53,253.88,No,1,1,1,1
11617,61,47,Month-to-Month,110.1,5141.6,Yes,2,0,1,0
11618,52,34,Month-to-Month,119.62,3759.64,Yes,3,1,4,1
11619,44,65,Month-to-Month,102.54,5788.57,Yes,3,1,3,1
11620,22,55,Two Year,104.49,5411.21,Yes,3,1,1,0
11621,24,43,One Year,44.9,1793.42,Yes,2,0,1,0
11622,27,30,Month-to-Month,77.67,2384.65,No,1,0,0,0
11623,27,17,Month-to-Month,26.73,408.42,No,2,2,0,1
11624,68,26,One Year,29.49,799.98,Yes,1,2,2,0
11625,74,8,One Year,119.89,999.05,Yes,1,1,1,0
11626,45,47,Month-to-Month,52.66,2226.35,Yes,1,2,4,1
11627,53,46,Month-to-Month,94.82,4011.08,Yes,2,2,2,0
11628,27,68,Month-to-Month,100.67,7044.84,Yes,1,0,8,0
11629,67,33,One Year,105.8,3642.66,Yes,0,0,0,0
11630,52,1,Two Year,119.76,112.42,Yes,0,0,13,1
11631,70,19,Month-to-Month,44.15,766.88,Yes,2,0,1,1
11632,52,31,One Year,24.04,711.87,Yes,0,0,3,0
11633,54,14,Month-to-Month,61.12,845.03,Yes,1,0,2,1
11634,65,53,Month-to-Month,33.01,1582.79,Yes,1,1,1,1
11635,37,48,Month-to-Month,22.24,1064.63,No,2,0,0,0
11636,30,69,Two Year,56.04,3326.7,Yes,3,0,0,0
11637,28,62,Month-to-Month,98.37,5244.23,No,1,0,3,1
11638,62,66,Month-to-Month,76.62,4689.07,No,1,2,1,0
11639,36,64,Month-to-Month,51.28,3021.65,No,0,1,9,1
11640,45,70,Month-to-Month,85.43,5460.59,No,4,0,1,1
11641,55,63,Month-to-Month,43.2,2580.63,No,0,0,12,0
11642,73,33,One Year,21.44,646.78,No,2,0,0,0
11643,62,41,Month-to-Month,96.44,3512.97,Yes,0,1,0,1
11644,21,48,One Year,82.37,3605.41,Yes,0,1,1,1
11645,74,13,Month-to-Month,96.23,1307.26,No,4,0,6,1
11646,71,31,Month-to-Month,23.89,690.39,No,4,1,2,0
11647,54,68,Month-to-Month,103.71,6621.69,No,4,1,0,0
11648,36,4,Month-to-Month,81.95,316.43,No,1,0,0,1
11649,54,19,Month-to-Month,76.34,1518.15,No,3,1,1,1
11650,70,70,Month-to-Month,82.46,5185.28,No,3,0,2,0
11651,31,13,One Year,106.44,1364.7,No,0,1,1,1
11652,48,23,One Year,78.69,1797.56,Yes,0,0,4,1
11653,45,1,Month-to-Month,78.1,75.87,No,3,1,2,1
11654,53,54,Month-to-Month,119.07,5579.22,No,1,0,6,0
11655,61,71,Month-to-Month,95.67,6693.22,No,4,1,2,0
11656,55,15,Month-to-Month,64.23,831.28,No,2,1,1,1
11657,36,65,Month-to-Month,90.74,5716.61,Yes,0,0,16,1
11658,59,71,Two Year,58.92,4174.6,Yes,0,2,1,0
11659,18,15,Month-to-Month,42.89,573.99,No,1,0,1,1
11660,40,21,Month-to-Month,79.69,1704.16,Yes,1,0,4,1
11661,72,19,Month-to-Month,112.82,1835.06,Yes,1,2,0,1
11662,45,60,Month-to-Month,112.91,6901.71,Yes,1,1,1,0
11663,65,33,One Year,54.19,1684.67,No,0,0,0,0
11664,21,49,Month-to-Month,72.77,3186.04,No,1,1,0,0
11665,58,35,Month-to-Month,41.16,1263.05,No,1,0,0,1
11666,35,44,One Year,119.56,5474.55,Yes,2,0,0,1
11667,66,11,Month-to-Month,118.11,1123.21,Yes,0,0,1,1
11668,64,66,One Year,84.95,4988.95,Yes,3,0,4,0
11669,68,46,One Year,100.44,4248.61,Yes,3,2,2,0
11670,56,9,Month-to-Month,91.51,802.22,No,0,2,3,1
11671,42,3,One Year,79.32,228.19,Yes,2,0,2,1
11672,35,26,Month-to-Month,25.33,576.34,Yes,5,0,5,1
11673,23,48,Month-to-Month,65.48,2853.71,Yes,2,0,6,0
11674,36,66,Month-to-Month,87.48,5183.32,Yes,0,1,5,0
11675,70,70,Month-to-Month,87.75,5483.46,No,3,2,5,1
11676,29,28,One Year,57.31,1495.93,Yes,0,1,0,0
11677,42,26,Two Year,114.17,2941.13,No,1,0,2,1
11678,52,25,Two Year,36.74,820.67,Yes,2,1,2,0
11679,18,12,One Year,70.04,776.05,Yes,0,0,2,0
11680,22,5,Month-to-Month,89.09,413.46,Yes,1,2,1,1
11681,18,48,Month-to-Month,89.71,4501.11,Yes,2,0,0,1
11682,25,37,Month-to-Month,84.86,3268.34,No,1,1,0,1
11683,56,44,Month-to-Month,47.53,2112.29,Yes,0,0,6,0
11684,64,15,Month-to-Month,35.62,479.98,Yes,1,2,2,1
11685,60,43,Two Year,83.59,3104.12,Yes,3,2,0,0
11686,35,48,Month-to-Month,79.93,3504.31,Yes,3,0,0,0
11687,63,70,Month-to-Month,37.94,2399.14,No,0,3,2,0
11688,26,46,Month-to-Month,90.51,3960.22,Yes,5,1,1,1
11689,22,43,Two Year,65.52,2832.98,Yes,4,1,1,0
11690,72,21,One Year,86.78,1861.86,No,2,1,0,1
11691,21,23,One Year,103.74,2431.29,Yes,0,1,0,0
11692,61,47,Month-to-Month,36.97,1601.95,Yes,1,3,1,0
11693,46,15,Two Year,21.91,324.52,Yes,0,0,3,1
11694,18,25,Month-to-Month,97.91,2233.74,Yes,1,1,0,0
11695,47,36,Two Year,80.97,2513.19,No,1,0,1,0
11696,73,51,Month-to-Month,89.96,4543.52,Yes,3,2,3,0
11697,62,15,Month-to-Month,103.82,1326.77,No,1,0,4,1
11698,18,68,Month-to-Month,100.28,6354.23,Yes,0,0,0,0
11699,20,21,One Year,116.09,2232.8,No,1,0,3,1
11700,39,13,Month-to-Month,73.59,945.84,Yes,2,2,9,1
11701,25,19,Two Year,68.85,1312.4,No,0,0,7,1
11702,73,34,Month-to-Month,60.19,1863.95,Yes,2,1,4,0
11703,35,68,Month-to-Month,35.37,2434.8,Yes,0,0,3,0
11704,42,52,Month-to-Month,77.26,3651.06,No,1,0,0,0
11705,65,27,Month-to-Month,47.7,1209.68,No,1,1,3,1
11706,69,29,Month-to-Month,112.13,3236.82,Yes,3,0,3,1
11707,37,28,Month-to-Month,78.32,2167.93,Yes,1,1,1,1
11708,48,35,One Year,79.28,2906.53,Yes,1,1,2,0
11709,47,8,Month-to-Month,55.49,397.32,No,2,0,3,0
11710,33,16,Two Year,25.2,396.13,No,4,0,9,1
11711,19,36,One Year,23.17,810.71,Yes,2,0,1,0
11712,34,30,Two Year,62.33,1931.64,No,1,0,0,0
11713,27,18,Month-to-Month,28.46,451.46,No,1,0,2,1
11714,24,2,Month-to-Month,80.68,161.42,Yes,0,0,0,1
11715,59,49,Month-to-Month,108.1,5104.38,No,2,0,2,0
11716,68,4,One Year,108.29,391.98,Yes,2,3,0,1
11717,69,7,Two Year,85.9,568.16,No,2,1,2,0
11718,26,39,Month-to-Month,41.12,1470.18,Yes,1,0,2,1
11719,71,13,Month-to-Month,106.3,1334.73,Yes,2,0,0,1
11720,34,31,Two Year,108.61,3460.51,Yes,2,2,0,1
11721,26,71,Month-to-Month,39.67,2714.78,Yes,2,0,1,0
11722,26,63,One Year,93.74,5765.92,No,1,1,1,0
11723,54,56,Month-to-Month,48.65,2598.4,Yes,3,1,3,0
11724,41,42,Two Year,100.26,3622.37,Yes,3,0,2,0
11725,56,61,Month-to-Month,119.72,6547.59,No,1,0,1,1
11726,28,42,Month-to-Month,23.0,916.15,Yes,3,1,1,0
11727,25,56,One Year,109.74,5604.93,Yes,2,0,0,0
11728,42,36,Two Year,82.26,2624.81,No,4,0,4,1
11729,63,68,Month-to-Month,117.34,7586.76,No,2,1,0,1
11730,19,7,Month-to-Month,66.5,425.73,Yes,3,0,5,1
11731,27,54,One Year,104.74,5099.54,Yes,1,1,2,0
11732,70,1,Two Year,26.24,24.74,No,3,0,2,0
11733,41,44,Two Year,53.53,2064.81,Yes,1,0,3,0
11734,65,45,Two Year,26.7,1244.21,Yes,3,0,5,1
11735,33,47,Month-to-Month,117.53,5653.95,Yes,0,1,8,1
11736,36,13,Month-to-Month,101.7,1310.89,Yes,0,3,2,1
11737,48,22,One Year,105.25,2017.36,No,1,1,0,0
11738,28,21,Two Year,113.8,2402.17,No,2,2,6,1
11739,23,9,Month-to-Month,28.51,259.56,No,1,0,0,1
11740,23,26,Month-to-Month,58.56,1527.97,No,0,4,4,1
11741,49,9,One Year,27.1,212.87,Yes,2,1,3,0
11742,56,15,Month-to-Month,41.08,603.13,Yes,0,1,7,1
11743,65,10,Month-to-Month,42.94,436.64,No,3,2,6,0
11744,30,42,Month-to-Month,66.91,2713.19,Yes,2,1,0,1
11745,20,24,One Year,46.86,1101.34,Yes,2,0,2,0
11746,73,49,One Year,30.1,1388.87,No,1,1,0,0
11747,73,26,Month-to-Month,36.75,913.21,Yes,0,1,0,0
11748,58,37,One Year,34.73,1101.09,Yes,0,0,1,0
11749,73,68,One Year,117.31,7799.93,No,1,0,0,1
11750,52,50,Month-to-Month,95.93,4155.16,No,2,0,3,1
11751,55,24,One Year,116.78,2626.16,Yes,4,0,10,0
11752,74,19,Month-to-Month,63.97,1104.26,No,3,1,2,1
11753,34,60,Month-to-Month,47.84,2752.96,Yes,3,3,0,0
11754,20,39,Month-to-Month,99.83,3413.25,Yes,2,1,5,1
11755,51,18,Month-to-Month,52.63,936.28,No,1,0,5,1
11756,29,19,Month-to-Month,49.94,957.4,No,0,1,3,0
11757,41,36,Two Year,43.25,1374.32,Yes,2,2,2,0
11758,23,55,One Year,32.97,1579.18,Yes,0,0,6,0
11759,59,69,One Year,45.65,2769.04,Yes,4,1,0,1
11760,28,47,Month-to-Month,55.53,2676.27,Yes,2,1,8,0
11761,65,49,Month-to-Month,87.4,4092.61,Yes,0,0,8,0
11762,44,33,Month-to-Month,26.26,817.58,Yes,0,0,6,0
11763,65,21,Month-to-Month,41.05,751.14,Yes,1,0,0,0
11764,41,22,Month-to-Month,100.9,2175.21,Yes,1,0,5,1
11765,35,48,One Year,34.69,1704.42,Yes,2,0,2,0
11766,44,37,Two Year,54.26,2039.01,No,0,0,2,1
11767,71,15,Month-to-Month,106.47,1557.46,Yes,0,2,5,1
11768,72,35,Month-to-Month,35.49,1074.53,Yes,1,1,0,1
11769,73,71,One Year,28.27,1751.21,No,2,1,1,0
11770,58,32,Month-to-Month,68.45,1883.44,No,1,0,5,1
11771,38,11,Two Year,50.24,498.2,Yes,3,0,5,1
11772,68,10,One Year,76.34,669.6,Yes,1,0,5,1
11773,51,57,Two Year,100.38,5160.99,No,1,0,0,0
11774,73,25,Month-to-Month,33.71,781.24,Yes,3,2,3,1
11775,50,2,One Year,78.07,162.17,No,2,2,0,1
11776,65,64,Month-to-Month,70.55,4389.11,Yes,2,1,4,0
11777,71,35,One Year,34.41,1224.82,Yes,1,1,0,0
11778,35,7,Month-to-Month,82.4,572.23,Yes,3,0,4,1
11779,20,18,Month-to-Month,47.36,743.79,No,2,2,1,1
11780,41,67,Month-to-Month,68.78,4595.28,No,2,2,12,0
11781,18,42,Month-to-Month,28.23,1073.05,Yes,2,1,2,1
11782,23,39,Two Year,65.96,2515.39,Yes,1,0,3,0
11783,36,41,One Year,50.65,1906.76,Yes,2,4,1,0
11784,39,24,One Year,102.24,2575.31,Yes,1,0,3,0
11785,68,60,Month-to-Month,25.7,1391.98,No,0,2,2,0
11786,60,46,One Year,61.86,2577.58,Yes,2,0,0,1
11787,25,19,Month-to-Month,65.84,1296.16,No,1,1,2,1
11788,22,68,Two Year,92.5,5377.5,Yes,4,0,5,0
11789,69,42,Two Year,77.43,3217.39,No,2,3,0,1
11790,26,32,Month-to-Month,86.72,2761.35,No,1,0,0,1
11791,64,39,Two Year,97.7,3876.13,Yes,0,1,2,0
11792,38,36,Month-to-Month,106.22,3995.57,Yes,0,2,5,1
11793,45,36,Month-to-Month,51.39,1933.51,Yes,2,1,0,1
11794,63,3,Month-to-Month,73.8,191.08,Yes,1,1,8,1
11795,21,8,Month-to-Month,104.01,844.04,Yes,1,0,7,1
11796,73,70,One Year,118.95,8153.82,Yes,2,0,0,0
11797,41,41,Month-to-Month,108.95,4375.24,No,0,2,0,0
11798,25,68,Month-to-Month,57.15,3403.03,Yes,4,0,3,1
11799,69,13,One Year,39.52,503.5,No,1,1,9,0
11800,34,49,One Year,68.94,3535.13,No,0,1,3,0
11801,51,60,Two Year,94.16,5832.44,No,2,2,1,0
11802,37,2,One Year,69.26,129.91,Yes,0,1,0,0
11803,33,60,One Year,68.32,3517.07,Yes,0,0,1,0
11804,27,5,Month-to-Month,103.82,478.85,Yes,0,0,2,1
11805,51,44,Month-to-Month,56.14,2507.9,Yes,0,2,1,1
11806,60,27,Month-to-Month,105.98,2833.7,Yes,4,1,2,1
11807,27,32,Month-to-Month,60.68,1828.88,No,2,1,0,0
11808,47,21,One Year,52.82,955.06,Yes,4,1,1,1
11809,47,8,Month-to-Month,65.4,489.39,Yes,1,0,0,1
11810,68,50,One Year,96.24,4541.59,No,2,1,0,0
11811,42,67,Month-to-Month,32.6,2262.2,Yes,1,2,5,0
11812,74,44,Month-to-Month,39.64,1706.17,Yes,0,0,0,0
11813,63,58,Month-to-Month,115.14,6092.65,No,1,1,2,0
11814,60,3,Two Year,37.55,107.59,Yes,2,3,0,1
11815,58,70,One Year,76.77,4638.81,Yes,2,0,0,0
11816,24,2,Two Year,77.93,162.8,Yes,2,1,1,1
11817,64,44,Month-to-Month,68.96,2797.61,No,1,0,0,0
11818,37,2,Two Year,84.47,159.75,Yes,1,2,0,0
11819,34,35,Month-to-Month,42.98,1385.55,Yes,2,1,6,0
11820,20,30,Month-to-Month,75.27,2227.62,Yes,0,0,0,1
11821,64,8,Two Year,57.22,449.72,Yes,0,0,0,0
11822,63,22,Month-to-Month,86.17,1882.59,Yes,1,2,4,1
11823,57,44,One Year,34.12,1356.6,Yes,2,0,0,0
11824,53,58,Month-to-Month,77.09,4082.82,Yes,3,1,3,0
11825,43,36,One Year,38.53,1213.76,Yes,2,2,0,0
11826,27,69,Two Year,47.86,3239.93,Yes,1,2,0,0
11827,51,31,Month-to-Month,41.87,1113.61,Yes,2,1,2,0
11828,31,47,One Year,38.28,1744.35,No,1,0,13,0
11829,25,55,Month-to-Month,102.57,5776.4,Yes,3,2,0,1
11830,72,62,One Year,48.57,3096.16,Yes,1,0,1,0
11831,44,30,Month-to-Month,112.71,3177.77,No,0,2,0,1
11832,27,55,Month-to-Month,116.99,6060.36,No,1,0,0,0
11833,74,16,Month-to-Month,77.13,1067.97,Yes,0,1,7,1
11834,67,12,Month-to-Month,34.3,405.08,Yes,3,0,0,1
11835,32,17,Two Year,57.45,990.57,Yes,1,2,5,0
11836,54,16,Month-to-Month,99.77,1434.98,Yes,2,0,0,0
11837,39,12,Month-to-Month,56.74,636.12,No,1,1,5,1
11838,62,8,Month-to-Month,28.7,233.68,Yes,4,0,2,1
11839,67,3,Month-to-Month,75.68,232.81,No,0,0,6,0
11840,48,16,One Year,104.51,1502.66,Yes,0,0,0,0
11841,19,30,Two Year,99.59,2868.53,Yes,2,0,4,1
11842,62,23,Month-to-Month,37.51,766.53,No,1,1,3,1
11843,48,5,Two Year,87.28,379.83,Yes,2,0,2,1
11844,31,65,One Year,42.05,2821.33,Yes,1,0,4,0
11845,27,30,Month-to-Month,41.82,1272.29,No,1,1,3,1
11846,47,21,One Year,107.41,2260.14,No,0,0,6,0
11847,53,70,Month-to-Month,44.97,2706.42,No,2,1,1,0
11848,64,22,One Year,46.32,1038.14,Yes,1,1,2,1
11849,57,32,Two Year,20.07,602.17,Yes,0,0,6,0
11850,32,33,Month-to-Month,107.07,3245.27,No,2,0,0,1
11851,31,16,Two Year,99.26,1523.51,Yes,2,0,1,1
11852,48,38,One Year,82.73,2729.62,No,1,1,9,1
11853,46,14,Month-to-Month,95.03,1332.19,Yes,1,1,1,1
11854,44,36,One Year,35.2,1224.73,Yes,2,1,0,0
11855,38,23,Month-to-Month,65.83,1343.48,No,1,1,1,1
11856,26,66,Two Year,55.12,3229.19,Yes,1,0,6,0
11857,37,2,One Year,29.38,52.11,Yes,2,0,9,1
11858,52,65,Month-to-Month,68.61,3841.54,Yes,0,2,8,0
11859,32,67,Month-to-Month,112.07,7265.11,Yes,3,0,3,0
11860,41,52,One Year,24.01,1271.08,Yes,2,0,2,0
11861,66,62,Month-to-Month,49.15,2600.87,Yes,1,0,0,1
11862,74,23,Month-to-Month,40.75,805.85,Yes,3,1,0,1
11863,33,26,Month-to-Month,43.81,1098.68,No,5,0,0,0
11864,53,68,Month-to-Month,110.84,7641.88,Yes,1,1,0,0
11865,28,55,Month-to-Month,66.81,3363.49,No,1,0,6,1
11866,74,6,Month-to-Month,66.63,367.77,Yes,2,1,4,1
11867,25,35,Month-to-Month,96.06,3258.78,Yes,2,2,2,1
11868,20,22,One Year,35.45,705.69,Yes,0,0,19,0
11869,36,43,Month-to-Month,68.73,2527.81,No,0,0,9,1
11870,63,15,Month-to-Month,63.0,942.21,No,4,0,3,1
11871,58,60,Month-to-Month,79.69,4662.49,No,1,1,1,0
11872,20,12,One Year,119.96,1390.79,Yes,0,1,0,0
11873,53,49,Month-to-Month,96.94,4742.16,Yes,0,2,2,0
11874,42,42,Month-to-Month,59.79,2473.63,No,2,1,0,1
11875,53,38,Month-to-Month,102.76,3479.94,No,2,0,1,1
11876,28,45,Two Year,37.07,1535.53,No,3,2,8,0
11877,68,35,One Year,23.05,706.09,Yes,1,3,1,0
11878,33,30,One Year,40.44,1062.73,No,2,2,0,1
11879,72,30,One Year,54.04,1597.27,Yes,2,1,2,0
11880,71,6,One Year,71.06,435.62,Yes,2,0,2,0
11881,34,67,Month-to-Month,81.51,5693.52,Yes,0,1,0,0
11882,59,7,One Year,111.06,758.5,Yes,1,1,0,1
11883,41,52,Month-to-Month,70.99,3273.68,No,2,0,13,1
11884,34,14,One Year,70.13,855.29,No,0,0,0,0
11885,65,15,One Year,25.02,380.02,No,0,1,5,0
11886,37,21,Month-to-Month,23.49,476.4,Yes,3,0,1,0
11887,39,35,Month-to-Month,75.12,2559.94,Yes,2,0,1,0
11888,23,66,Month-to-Month,63.82,4238.62,No,2,2,1,0
11889,24,2,One Year,103.92,205.9,Yes,1,1,4,0
11890,31,35,One Year,36.07,1283.77,No,1,0,6,0
11891,28,20,Two Year,22.5,387.56,No,0,1,0,0
11892,29,10,Month-to-Month,64.9,648.68,No,3,0,0,1
11893,63,25,One Year,43.75,1115.81,Yes,1,0,0,1
11894,22,66,One Year,24.96,1494.53,No,0,1,4,0
11895,22,25,Two Year,92.46,2260.85,Yes,3,1,1,0
11896,37,54,Month-to-Month,31.16,1535.97,Yes,1,0,0,0
11897,71,33,Month-to-Month,80.83,2778.34,No,2,1,1,1
11898,72,36,One Year,48.1,1483.44,Yes,1,1,2,0
11899,32,14,One Year,37.35,505.1,No,0,0,5,0
11900,43,65,Two Year,57.98,3328.9,Yes,2,0,3,0
11901,50,54,Month-to-Month,100.14,5366.7,Yes,0,1,0,0
11902,74,52,Month-to-Month,59.21,2725.39,No,1,0,0,0
11903,47,3,Two Year,95.08,255.88,Yes,1,0,1,1
11904,41,41,Month-to-Month,32.55,1266.32,Yes,1,3,0,0
11905,40,6,One Year,97.28,602.92,Yes,1,1,4,1
11906,26,25,Month-to-Month,43.69,974.66,Yes,1,0,1,0
11907,20,13,Month-to-Month,87.74,1002.43,No,0,3,1,1
11908,53,8,One Year,76.58,613.74,Yes,5,2,2,1
11909,65,21,One Year,112.91,2252.85,No,0,0,3,0
11910,24,68,Month-to-Month,58.73,4122.86,No,0,1,2,0
11911,39,25,Month-to-Month,26.62,585.19,Yes,3,1,4,1
11912,31,68,Two Year,21.92,1459.53,No,1,1,2,0
11913,65,45,Month-to-Month,102.69,4143.12,Yes,3,1,4,1
11914,46,60,Two Year,72.47,3832.3,Yes,2,1,3,0
11915,67,12,Month-to-Month,97.52,1154.66,Yes,2,2,0,1
11916,33,32,One Year,43.44,1346.62,Yes,1,2,0,1
11917,65,13,Two Year,54.51,709.31,No,2,1,7,0
11918,51,31,One Year,23.01,650.46,Yes,0,0,8,0
11919,27,20,Month-to-Month,116.15,2182.68,Yes,1,1,3,1
11920,24,18,One Year,86.79,1454.57,No,0,0,3,1
11921,42,60,Month-to-Month,113.32,7117.52,No,1,2,0,0
11922,44,63,Month-to-Month,46.55,2664.17,Yes,0,0,2,0
11923,32,6,Two Year,81.15,442.57,No,1,0,14,0
11924,49,32,One Year,87.85,2588.86,Yes,1,0,5,0
11925,45,43,One Year,51.75,2142.74,No,3,1,1,0
11926,26,2,Month-to-Month,104.81,188.76,Yes,0,0,1,1
11927,24,60,Month-to-Month,114.72,7110.74,No,0,0,1,0
11928,73,23,Month-to-Month,108.49,2253.57,Yes,2,1,1,1
11929,33,31,One Year,93.91,2996.11,Yes,1,0,1,0
11930,43,5,One Year,47.75,207.88,Yes,4,2,2,1
11931,52,34,Month-to-Month,48.16,1606.84,Yes,0,1,0,1
11932,34,10,Two Year,116.34,1199.93,No,1,1,4,1
11933,40,2,Month-to-Month,21.03,37.17,Yes,2,0,4,1
11934,25,11,Month-to-Month,91.6,1051.6,No,4,0,5,1
11935,19,50,Month-to-Month,90.62,4261.75,No,3,0,5,0
11936,48,31,Month-to-Month,82.27,2650.2,No,1,0,2,1
11937,74,56,Month-to-Month,119.01,6567.02,Yes,1,1,4,1
11938,69,9,Two Year,51.19,419.39,No,2,0,2,1
11939,74,21,Month-to-Month,54.0,1006.61,No,0,2,9,1
11940,49,28,Two Year,27.89,711.22,No,1,0,0,0
11941,46,62,Month-to-Month,64.28,3461.7,Yes,0,0,7,0
11942,20,7,Two Year,46.1,283.58,Yes,1,0,0,1
11943,25,16,One Year,54.34,757.22,Yes,0,1,0,1
11944,19,4,Two Year,103.46,386.77,Yes,4,0,1,0
11945,48,4,Month-to-Month,113.55,458.34,Yes,1,0,2,1
11946,68,40,One Year,38.57,1355.01,Yes,5,1,0,1
11947,66,17,Two Year,57.25,852.63,Yes,1,1,2,0
11948,54,52,Month-to-Month,112.86,5743.63,Yes,0,2,4,1
11949,37,52,Month-to-Month,26.18,1210.84,Yes,2,3,0,1
11950,46,36,Month-to-Month,29.24,915.29,No,1,0,2,0
11951,34,38,Two Year,36.28,1217.85,Yes,2,2,1,0
11952,27,50,Month-to-Month,79.52,4114.15,No,3,2,2,1
11953,58,63,Month-to-Month,35.05,2239.71,Yes,2,2,3,0
11954,39,63,Month-to-Month,116.81,6776.29,Yes,0,0,1,0
11955,23,62,Month-to-Month,64.67,3934.02,Yes,1,2,15,0
11956,60,7,Two Year,70.15,470.16,No,2,0,2,1
11957,51,27,Month-to-Month,44.67,1188.51,Yes,0,0,5,0
11958,48,14,One Year,67.1,926.75,No,0,1,3,0
11959,72,71,Two Year,86.19,5971.07,Yes,4,1,5,0
11960,29,5,Month-to-Month,95.12,429.57,Yes,1,0,0,1
11961,29,55,One Year,95.39,4500.41,No,2,0,0,1
11962,33,2,Month-to-Month,77.79,146.42,Yes,2,0,2,1
11963,42,62,One Year,110.44,7040.34,No,0,1,5,0
11964,39,21,Month-to-Month,101.74,2059.41,Yes,2,0,0,1
11965,44,21,One Year,95.7,2042.82,Yes,3,1,10,1
11966,41,10,Month-to-Month,25.56,267.95,No,2,1,0,1
11967,29,58,Month-to-Month,20.69,1059.29,No,2,0,0,0
11968,70,39,One Year,41.24,1589.63,Yes,0,2,0,0
11969,35,5,Month-to-Month,86.35,425.21,No,0,0,2,1
11970,62,65,One Year,61.12,4155.51,Yes,3,2,7,1
11971,64,13,Month-to-Month,60.24,820.02,No,1,0,0,0
11972,33,53,One Year,108.46,5675.58,No,1,0,2,0
11973,21,45,Month-to-Month,109.56,4430.88,Yes,1,0,0,1
11974,29,32,One Year,110.92,3583.91,Yes,2,0,2,1
11975,66,36,Month-to-Month,51.39,1612.14,Yes,3,1,0,0
11976,50,60,Month-to-Month,89.11,5379.43,Yes,2,1,2,1
11977,39,11,Month-to-Month,47.16,535.38,Yes,1,0,3,1
11978,35,63,One Year,39.06,2280.08,Yes,0,3,2,0
11979,71,21,Month-to-Month,38.46,788.38,No,0,0,0,1
11980,65,52,Two Year,54.21,2638.59,Yes,1,0,0,0
11981,50,55,Two Year,63.0,3248.62,Yes,2,0,3,0
11982,44,26,Month-to-Month,103.09,2444.67,Yes,2,0,4,1
11983,59,68,One Year,31.99,2180.6,No,2,1,7,0
11984,36,34,Month-to-Month,93.49,3297.02,Yes,0,1,5,0
11985,65,52,Month-to-Month,73.15,3948.92,Yes,3,1,10,0
11986,31,52,One Year,48.79,2245.2,Yes,2,0,1,0
11987,42,29,One Year,69.28,2059.24,Yes,3,1,1,0
11988,51,38,One Year,49.99,1894.84,Yes,1,2,0,0
11989,41,42,Month-to-Month,79.61,3011.16,Yes,2,1,1,0
11990,55,21,Month-to-Month,63.38,1149.24,Yes,1,1,3,1
11991,71,42,Month-to-Month,36.44,1382.94,Yes,2,1,5,0
11992,40,13,One Year,31.66,424.93,Yes,1,0,0,0
11993,22,64,Month-to-Month,74.67,4667.22,Yes,2,0,2,1
11994,61,17,One Year,110.24,1863.23,Yes,0,3,3,1
11995,53,9,Month-to-Month,54.4,441.34,No,0,1,2,1
11996,71,41,Month-to-Month,93.3,3801.88,No,2,0,0,0
11997,41,1,Month-to-Month,85.87,73.47,Yes,0,2,4,1
11998,53,2,Month-to-Month,113.16,209.36,Yes,0,3,0,1
11999,22,60,Month-to-Month,102.1,5975.0,Yes,2,2,7,0
12000,56,48,Two Year,76.66,3235.25,Yes,1,0,9,0
