order_id,order_date,category,region,payment_mode,units_sold,unit_price,revenue,month
1508,2025-03-06,Sports,East,Net Banking,17,300.47,5107.99,March
1741,2025-08-13,Clothing,North,Credit Card,22,367.09,8075.98,August
1279,2025-03-26,Electronics,North,Cash,8,12.12,96.96,March
1930,2025-10-10,Electronics,West,Debit Card,20,165.54,3310.8,October
1633,2025-07-11,Sports,North,Cash,5,241.29,1206.45,July
2045,2025-11-13,Electronics,South,Credit Card,18,318.04,5724.72,November
1518,2025-06-06,Sports,West,Net Banking,13,309.49,4023.37,June
1656,2025-07-18,Toys,West,Net Banking,3,237.21,711.63,July
2038,2025-11-11,Clothing,South,Debit Card,14,166.84,2335.76,November
1759,2025-08-19,Home & Kitchen,North,Credit Card,18,423.11,7615.98,August
1035,2025-01-11,Toys,North,Net Banking,23,96.9,2228.7,January
2018,2025-11-05,Books,West,Credit Card,22,479.03,10538.66,November
1147,2025-02-14,Books,East,Debit Card,10,234.8,2348.0,February
1722,2025-08-07,Electronics,East,Cash,10,189.86,1898.6,August
1351,2025-04-17,Electronics,South,Upi,19,305.39,5802.41,April
1136,2025-10-02,Sports,South,Upi,5,422.45,2112.25,October
1489,2025-05-29,Sports,South,Credit Card,24,315.53,7572.72,May
1455,2025-05-18,Clothing,East,Upi,11,244.845,2693.3,May
1273,2025-03-24,Clothing,South,Credit Card,15,183.41,2751.15,March
1756,2025-08-18,Sports,West,Debit Card,7,77.49,542.43,August
1793,2025-08-29,Toys,South,Credit Card,19,115.22,2189.18,August
2180,2025-12-24,Home & Kitchen,West,Debit Card,23,292.42,6725.66,December
1173,2025-02-22,Toys,West,Debit Card,8,9.14,73.12,February
1680,2025-07-26,Sports,North,Debit Card,5,178.66,893.3,July
2013,2025-11-04,Home & Kitchen,South,Net Banking,6,181.52,1089.12,November
1111,2025-02-03,Home & Kitchen,East,Credit Card,18,62.12,1118.16,February
1263,2025-03-21,Electronics,South,Net Banking,10,166.69,1666.9,March
1364,2025-04-21,Electronics,South,Cash,14,449.2,6288.8,April
1281,2025-03-27,Books,South,Upi,7,313.75,2196.25,March
1833,2025-09-10,Books,East,Net Banking,10,356.17,3561.7,September
1129,2025-02-08,Home & Kitchen,East,Cash,20,345.87,6917.4,February
1217,2025-03-07,Electronics,South,Cash,6,194.49,1166.94,March
1825,2025-09-08,Toys,South,Credit Card,3,394.75,1184.25,September
1666,2025-07-21,Books,West,Debit Card,15,218.46,3276.9,July
1937,2025-10-12,Books,North,Net Banking,16,141.58,2265.28,October
1463,2025-05-21,Sports,East,Credit Card,12,142.93,1715.16,May
1588,2025-06-28,Electronics,West,Net Banking,13,85.58,1112.54,June
1464,2025-05-21,Electronics,South,Cash,9,113.26,1019.34,May
1052,2025-01-16,Clothing,North,Upi,3,476.64,1429.92,January
1797,2025-08-30,Sports,South,Upi,15,84.31,1264.65,August
1753,2025-08-17,Books,West,Credit Card,3,217.09,651.27,August
1903,2025-10-01,Clothing,West,Credit Card,15,311.6,4674.0,October
1591,2025-06-29,Toys,South,Cash,12,484.2,5810.4,June
1946,2025-10-14,Toys,West,Upi,4,69.83,279.32,October
1171,2025-02-21,Books,East,Cash,3,330.08,990.24,February
1761,2025-08-19,Toys,West,Net Banking,20,192.63,3852.6,August
1878,2025-09-24,Sports,West,Cash,22,152.16,3347.52,September
1028,2025-09-01,Electronics,North,Upi,1,383.4,383.4,September
1475,2025-05-24,Sports,North,Debit Card,9,48.07,432.63,May
1507,2025-06-03,Toys,East,Debit Card,13,217.84,2831.92,June
1064,2025-01-20,Toys,South,Net Banking,7,340.09,2380.63,January
1668,2025-07-22,Books,North,Credit Card,18,29.92,538.56,July
1893,2025-09-28,Home & Kitchen,East,Debit Card,2,496.33,992.66,September
1537,2025-06-12,Electronics,West,Upi,11,192.98,2122.78,June
1448,2025-05-16,Books,North,Upi,12,67.37,808.44,May
1984,2025-10-26,Books,North,Debit Card,23,397.13,9133.99,October
2194,2025-12-29,Toys,South,Debit Card,24,193.57,4645.68,December
1102,2025-01-31,Electronics,North,Debit Card,3,248.95,746.85,January
1373,2025-04-23,Electronics,North,Credit Card,13,409.4,5322.2,April
1152,2025-02-15,Sports,South,Cash,21,197.76,4152.96,February
1290,2025-03-29,Books,North,Credit Card,8,292.57,2340.56,March
2084,2025-11-25,Toys,North,Net Banking,20,293.65,5873.0,November
1047,2025-01-14,Clothing,South,Credit Card,21,180.13,3782.73,January
1726,2025-08-09,Home & Kitchen,East,Net Banking,10,209.52,2095.2,August
1925,2025-10-08,Electronics,South,Credit Card,9,55.91,503.19,October
1378,2025-04-25,Toys,North,Cash,23,40.16,923.68,April
1996,2025-10-30,Toys,South,Debit Card,18,365.75,6583.5,October
1586,2025-06-27,Electronics,East,Upi,2,35.6,71.2,June
1854,2025-09-16,Home & Kitchen,North,Debit Card,6,248.81,1492.86,September
1649,2025-07-16,Clothing,East,Debit Card,6,490.38,2942.28,July
2131,2025-12-10,Toys,East,Net Banking,14,477.51,6685.14,December
1579,2025-06-25,Home & Kitchen,South,Credit Card,38,134.22,5167.47,June
1783,2025-08-26,Home & Kitchen,West,Upi,13,136.63,1776.19,August
2142,2025-12-13,Books,West,Credit Card,20,108.37,2167.4,December
1456,2025-05-19,Clothing,East,Net Banking,9,118.76,1068.84,May
2058,2025-11-17,Electronics,West,Net Banking,9,224.3,2018.7,November
1563,2025-06-20,Sports,West,Cash,16,424.81,6796.96,June
1699,2025-07-31,Toys,West,Credit Card,2,343.51,687.02,July
1110,2025-02-03,Home & Kitchen,East,Cash,19,268.59,5103.21,February
2024,2025-07-11,Electronics,South,Cash,19,305.53,5805.07,July
2006,2025-11-02,Toys,East,Credit Card,17,56.2,955.4,November
1642,2025-07-14,Electronics,North,Debit Card,6,10.35,62.1,July
2095,2025-11-29,Sports,South,Credit Card,9,161.31,1451.79,November
1061,2025-01-19,Books,East,Net Banking,4,254.05,1016.2,January
1880,2025-09-24,Sports,East,Debit Card,7,208.6,1460.2,September
1922,2025-10-07,Electronics,North,Cash,7,383.85,2686.95,October
1908,2025-03-10,Sports,South,Debit Card,1,426.03,426.03,March
1142,2025-02-12,Clothing,North,Debit Card,22,244.845,5386.59,February
1413,2025-05-06,Clothing,East,Net Banking,19,255.23,4849.37,May
2147,2025-12-14,Sports,South,Net Banking,9,290.61,2615.49,December
1876,2025-09-23,Clothing,North,Cash,16,443.61,7097.76,September
1114,2025-02-04,Sports,East,Credit Card,21,171.92,3610.32,February
2043,2025-11-13,Electronics,South,Credit Card,20,161.04,3220.8,November
1956,2025-10-17,Toys,South,Net Banking,14,11.77,164.78,October
1879,2025-09-24,Clothing,South,Cash,4,118.85,475.4,September
1472,2025-05-23,Sports,East,Debit Card,2,190.4,380.8,May
2175,2025-12-23,Home & Kitchen,East,Net Banking,1,92.69,92.69,December
1352,2025-04-17,Books,South,Upi,22,441.08,9703.76,April
1010,2025-01-03,Sports,South,Cash,22,316.97,6973.34,January
1368,2025-04-22,Books,South,Upi,21,424.46,8913.66,April
1054,2025-01-17,Electronics,East,Debit Card,15,180.44,2706.6,January
1524,2025-08-06,Books,North,Net Banking,17,277.82,4722.94,August
2123,2025-12-07,Electronics,East,Net Banking,9,196.7,1770.3,December
2129,2025-12-09,Home & Kitchen,North,Debit Card,9,470.55,4234.95,December
1286,2025-03-28,Electronics,West,Cash,1,283.88,283.88,March
1180,2025-02-24,Electronics,North,Net Banking,8,276.47,2211.76,February
1041,2025-01-13,Electronics,East,Debit Card,18,148.15,2666.7,January
1452,2025-05-17,Electronics,West,Net Banking,5,286.03,1430.15,May
1698,2025-07-31,Electronics,South,Debit Card,2,467.21,934.42,July
1598,2025-07-01,Sports,South,Upi,20,378.16,7563.2,July
1714,2025-08-05,Home & Kitchen,South,Credit Card,22,332.58,7316.76,August
1190,2025-02-27,Toys,West,Net Banking,22,312.13,6866.86,February
1084,2025-01-26,Toys,East,Credit Card,17,87.05,1479.85,January
1570,2025-06-22,Sports,East,Debit Card,4,10.09,40.36,June
1883,2025-09-25,Home & Kitchen,East,Debit Card,22,413.9,9105.8,September
1972,2025-10-22,Books,South,Debit Card,8,234.8,1878.4,October
1099,2025-01-30,Electronics,South,Debit Card,5,280.65,1403.25,January
1558,2025-06-19,Clothing,North,Upi,1,466.94,466.94,June
1774,2025-08-23,Toys,South,Debit Card,11,483.04,5313.44,August
1380,2025-04-26,Home & Kitchen,East,Credit Card,2,118.54,237.08,April
1504,2025-02-06,Sports,South,Cash,21,381.48,8011.08,February
2107,2025-12-02,Home & Kitchen,South,Upi,15,64.62,969.3,December
1419,2025-05-07,Toys,North,Credit Card,24,232.49,5579.76,May
1916,2025-05-10,Clothing,West,Net Banking,15,410.1,6151.5,May
1229,2025-03-11,Books,East,Credit Card,14,348.85,4883.9,March
1232,2025-12-03,Books,North,Upi,15,135.99,2039.85,December
2023,2025-11-07,Toys,West,Cash,9,193.09,1737.81,November
2188,2025-12-27,Clothing,East,Net Banking,14,244.845,3427.83,December
1254,2025-03-18,Home & Kitchen,West,Credit Card,14,450.98,6313.72,March
2190,2025-12-27,Home & Kitchen,South,Debit Card,10,143.77,1437.7,December
1512,2025-05-06,Clothing,West,Credit Card,21,414.64,8707.44,May
1055,2025-01-17,Clothing,West,Net Banking,9,255.29,2297.61,January
1523,2025-06-08,Home & Kitchen,South,Debit Card,22,22.28,490.16,June
1904,2025-02-10,Books,West,Net Banking,21,208.54,4379.34,February
1684,2025-07-27,Clothing,West,Cash,23,108.48,2495.04,July
2116,2025-05-12,Clothing,West,Upi,13,498.89,6485.57,May
1400,2025-02-05,Sports,East,Cash,5,109.2,546.0,February
1098,2025-01-30,Sports,South,Cash,18,310.07,5581.26,January
1408,2025-04-05,Toys,East,Upi,12,237.21,2846.52,April
1637,2025-07-13,Books,West,Credit Card,11,285.47,3140.17,July
2070,2025-11-21,Sports,South,Net Banking,10,57.21,572.1,November
2014,2025-11-04,Sports,West,Cash,1,130.97,130.97,November
1858,2025-09-18,Electronics,East,Credit Card,19,267.32,5079.08,September
1307,2025-04-03,Toys,South,Debit Card,3,358.97,1076.91,April
1013,2025-01-04,Toys,East,Debit Card,3,216.66,649.98,January
2078,2025-11-23,Electronics,East,Debit Card,20,346.21,6924.2,November
1205,2025-03-03,Electronics,South,Credit Card,12,359.62,4315.44,March
1370,2025-04-23,Books,South,Debit Card,15,170.96,2564.4,April
1638,2025-07-13,Electronics,South,Debit Card,24,330.23,7925.52,July
1474,2025-05-24,Electronics,West,Debit Card,9,186.86,1681.74,May
1014,2025-01-04,Sports,South,Net Banking,20,224.06,4481.2,January
2159,2025-12-18,Electronics,North,Net Banking,17,299.86,5097.62,December
1557,2025-06-18,Toys,East,Cash,21,335.59,7047.39,June
2065,2025-11-20,Clothing,West,Upi,2,241.85,483.7,November
1453,2025-05-18,Home & Kitchen,West,Debit Card,22,291.76,6418.72,May
1021,2025-01-07,Sports,North,Net Banking,8,15.85,126.8,January
1619,2025-07-07,Books,East,Credit Card,11,416.32,4579.52,July
1882,2025-09-25,Home & Kitchen,West,Debit Card,24,337.83,8107.92,September
2171,2025-12-22,Sports,North,Net Banking,8,470.74,3765.92,December
1485,2025-05-27,Electronics,East,Net Banking,13,135.31,1759.03,May
1743,2025-08-14,Books,West,Upi,23,114.12,2624.76,August
2015,2025-11-04,Books,North,Cash,5,11.38,56.9,November
1652,2025-07-17,Clothing,West,Cash,14,299.45,4192.3,July
1253,2025-03-18,Books,East,Credit Card,15,166.02,2490.3,March
1206,2025-03-04,Clothing,East,Debit Card,6,139.12,834.72,March
1018,2025-01-06,Toys,North,Debit Card,6,413.25,2479.5,January
1818,2025-09-06,Electronics,East,Credit Card,14,30.06,420.84,September
1510,2025-06-04,Clothing,South,Net Banking,22,385.88,8489.36,June
2027,2025-11-08,Home & Kitchen,East,Credit Card,2,52.01,104.02,November
1432,2025-11-05,Sports,North,Debit Card,21,420.85,8837.85,November
1565,2025-06-21,Sports,East,Credit Card,11,443.0,4873.0,June
1116,2025-04-02,Clothing,West,Upi,5,347.58,1737.9,April
1427,2025-05-10,Clothing,West,Net Banking,23,335.27,7711.21,May
1736,2025-12-08,Books,East,Cash,13,88.26,1147.38,December
1970,2025-10-22,Electronics,South,Credit Card,16,248.95,3983.2,October
1326,2025-04-09,Home & Kitchen,East,Credit Card,2,230.31,460.62,April
2118,2025-12-06,Home & Kitchen,South,Cash,17,180.59,3070.03,December
1386,2025-04-27,Clothing,East,Upi,12,486.67,5840.04,April
1141,2025-02-12,Clothing,West,Credit Card,13,95.8,1245.4,February
1936,2025-11-10,Sports,West,Debit Card,12,241.29,2895.48,November
1870,2025-09-21,Electronics,East,Cash,23,22.16,509.68,September
1791,2025-08-28,Electronics,South,Upi,3,94.69,284.07,August
2161,2025-12-19,Toys,South,Credit Card,23,470.09,10812.07,December
1686,2025-07-27,Books,North,Cash,22,236.01,5192.22,July
1468,2025-05-22,Clothing,North,Net Banking,18,463.93,8350.74,May
1398,2025-05-01,Clothing,West,Debit Card,9,338.63,3047.67,May
1928,2025-09-10,Home & Kitchen,North,Debit Card,6,338.55,2031.3,September
1852,2025-09-16,Clothing,West,Debit Card,7,377.47,2642.29,September
1526,2025-06-09,Clothing,South,Debit Card,14,420.39,5885.46,June
1109,2025-02-02,Electronics,South,Net Banking,10,317.55,3175.5,February
1877,2025-09-23,Toys,West,Net Banking,15,448.37,6725.55,September
2111,2025-12-03,Books,North,Credit Card,21,35.71,749.91,December
2009,2025-11-03,Toys,North,Cash,11,391.01,4301.11,November
1100,2025-01-31,Sports,West,Upi,24,210.81,5059.44,January
1221,2025-03-08,Toys,North,Credit Card,23,139.61,3211.03,March
1337,2025-04-13,Home & Kitchen,East,Cash,24,270.29,6486.96,April
2080,2025-11-24,Toys,South,Cash,22,157.35,3461.7,November
1987,2025-10-27,Electronics,South,Cash,22,473.23,10411.06,October
1285,2025-03-28,Electronics,South,Upi,5,311.67,1558.35,March
1319,2025-04-07,Sports,South,Credit Card,8,326.08,2608.64,April
1490,2025-05-29,Electronics,North,Credit Card,8,248.95,1991.6,May
1208,2025-04-03,Books,East,Credit Card,19,160.34,3046.46,April
1800,2025-08-31,Sports,West,Upi,8,379.86,3038.88,August
1309,2025-04-04,Clothing,North,Debit Card,3,244.845,734.54,April
1592,2025-06-29,Electronics,North,Cash,4,226.12,904.48,June
1859,2025-09-18,Toys,West,Upi,22,237.21,5218.62,September
1621,2025-07-08,Sports,East,Net Banking,17,368.79,6269.43,July
1317,2025-04-06,Electronics,North,Debit Card,16,346.99,5551.84,April
1024,2025-07-01,Clothing,East,Upi,9,32.81,295.29,July
1653,2025-07-17,Sports,South,Net Banking,10,370.74,3707.4,July
1857,2025-09-17,Books,North,Net Banking,3,200.31,600.93,September
1762,2025-08-20,Clothing,South,Debit Card,20,457.96,9159.2,August
1375,2025-04-24,Clothing,West,Credit Card,8,469.29,3754.32,April
1187,2025-02-26,Sports,West,Net Banking,21,261.41,5489.61,February
1549,2025-06-16,Clothing,South,Credit Card,21,14.48,304.08,June
1199,2025-02-03,Home & Kitchen,South,Cash,5,328.8,1644.0,February
2061,2025-11-18,Clothing,North,Credit Card,12,102.14,1225.68,November
1124,2025-07-02,Sports,West,Credit Card,18,397.42,7153.56,July
1595,2025-06-30,Books,South,Net Banking,23,238.13,5476.99,June
1813,2025-09-04,Home & Kitchen,North,Net Banking,15,72.05,1080.75,September
2055,2025-11-16,Sports,East,Debit Card,5,97.39,486.95,November
1772,2025-08-23,Sports,West,Credit Card,23,8.16,187.68,August
1704,2025-02-08,Sports,South,Credit Card,13,84.8,1102.4,February
1921,2025-10-07,Home & Kitchen,West,Upi,23,109.11,2509.53,October
1923,2025-10-07,Clothing,West,Cash,17,130.25,2214.25,October
1148,2025-02-14,Sports,West,Cash,2,451.38,902.76,February
1942,2025-10-13,Toys,South,Debit Card,17,314.54,5347.18,October
1519,2025-06-07,Books,North,Cash,15,455.75,6836.25,June
1225,2025-03-10,Home & Kitchen,East,Upi,18,320.01,5760.18,March
2003,2025-11-01,Toys,West,Net Banking,16,416.6,6665.6,November
1071,2025-01-22,Toys,East,Upi,24,338.45,8122.8,January
1839,2025-09-12,Electronics,West,Cash,21,215.93,4534.53,September
1284,2025-03-27,Home & Kitchen,North,Net Banking,4,419.37,1677.48,March
1172,2025-02-21,Books,North,Net Banking,18,355.84,6405.12,February
1356,2025-04-18,Toys,West,Cash,10,432.18,4321.8,April
1169,2025-02-21,Books,East,Net Banking,19,234.8,4461.2,February
1264,2025-03-21,Home & Kitchen,North,Credit Card,10,375.35,3753.5,March
1658,2025-07-19,Sports,North,Debit Card,8,90.4,723.2,July
1390,2025-04-29,Electronics,West,Net Banking,18,142.79,2570.22,April
1126,2025-02-07,Books,South,Debit Card,17,239.76,4075.92,February
2088,2025-11-26,Clothing,South,Cash,21,235.76,4950.96,November
2062,2025-11-19,Sports,East,Debit Card,7,67.15,470.05,November
1165,2025-02-19,Electronics,North,Cash,15,178.51,2677.65,February
1446,2025-05-16,Sports,South,Net Banking,19,229.73,4364.87,May
2092,2025-11-28,Electronics,South,Net Banking,6,182.52,1095.12,November
1657,2025-07-19,Home & Kitchen,North,Debit Card,6,56.12,336.72,July
2120,2025-06-12,Toys,South,Debit Card,4,62.0,248.0,June
1043,2025-01-13,Sports,East,Upi,3,128.73,386.19,January
2186,2025-12-26,Toys,East,Debit Card,13,15.92,206.96,December
1927,2025-10-09,Toys,North,Credit Card,13,489.68,6365.84,October
2114,2025-12-04,Clothing,North,Net Banking,4,85.15,340.6,December
1265,2025-03-22,Books,North,Debit Card,21,404.3,8490.3,March
1133,2025-02-10,Toys,South,Cash,22,237.21,5218.62,February
1552,2025-06-17,Clothing,North,Upi,9,388.75,3498.75,June
1335,2025-04-12,Toys,East,Credit Card,23,402.39,9254.97,April
1039,2025-01-12,Books,East,Debit Card,22,344.14,7571.08,January
1531,2025-06-10,Sports,North,Debit Card,6,29.56,177.36,June
2109,2025-12-03,Clothing,East,Credit Card,19,484.81,9211.39,December
1327,2025-04-09,Toys,North,Upi,2,335.54,671.08,April
1167,2025-02-20,Toys,East,Net Banking,11,39.01,429.11,February
1934,2025-10-11,Electronics,North,Cash,17,342.85,5828.45,October
1072,2025-01-22,Toys,East,Credit Card,1,93.73,93.73,January
1628,2025-10-07,Clothing,West,Cash,9,86.38,777.42,October
1721,2025-08-07,Toys,North,Debit Card,5,307.86,1539.3,August
1958,2025-10-18,Home & Kitchen,West,Upi,23,133.0,3059.0,October
2146,2025-12-14,Electronics,West,Credit Card,4,436.6,1746.4,December
1271,2025-03-23,Home & Kitchen,South,Debit Card,3,69.39,208.17,March
1005,2025-01-02,Sports,North,Debit Card,13,187.38,2435.94,January
1717,2025-08-06,Electronics,East,Credit Card,9,277.58,2498.22,August
1981,2025-10-25,Toys,North,Cash,20,265.11,5302.2,October
1695,2025-07-30,Books,North,Credit Card,11,155.13,1706.43,July
1755,2025-08-17,Books,South,Debit Card,17,413.11,7022.87,August
1362,2025-04-20,Sports,East,Cash,20,498.63,9972.6,April
1306,2025-04-03,Clothing,West,Debit Card,11,403.18,4434.98,April
1527,2025-06-09,Home & Kitchen,West,Cash,10,84.54,845.4,June
1768,2025-08-21,Toys,West,Upi,1,288.66,288.66,August
2017,2025-11-05,Clothing,West,Debit Card,5,426.32,2131.6,November
2082,2025-11-25,Books,East,Upi,12,449.48,5393.76,November
1095,2025-01-29,Books,North,Net Banking,4,120.93,483.72,January
1096,2025-01-29,Books,North,Net Banking,17,113.68,1932.56,January
2127,2025-12-08,Toys,South,Cash,10,35.42,354.2,December
2012,2025-03-11,Home & Kitchen,East,Debit Card,17,272.32000000000005,4629.44,March
1632,2025-11-07,Home & Kitchen,West,Cash,18,175.26,3154.68,November
2035,2025-11-10,Books,South,Debit Card,7,497.81,3484.67,November
1059,2025-01-18,Books,South,Debit Card,16,199.4,3190.4,January
2054,2025-11-16,Books,South,Debit Card,9,311.49,2803.41,November
2173,2025-12-22,Home & Kitchen,West,Debit Card,18,438.19,7887.42,December
1025,2025-01-08,Toys,North,Credit Card,12,248.09,2977.08,January
1667,2025-07-22,Toys,East,Debit Card,13,177.02,2301.26,July
1245,2025-03-16,Books,West,Credit Card,17,440.2,7483.4,March
1026,2025-01-08,Sports,South,Net Banking,13,463.92,6030.96,January
1223,2025-03-09,Electronics,East,Cash,11,135.71,1492.81,March
1672,2025-07-23,Toys,South,Debit Card,9,117.13,1054.17,July
1106,2025-02-01,Books,North,Net Banking,14,252.56,3535.84,February
2091,2025-11-27,Home & Kitchen,North,Net Banking,15,280.45,4206.75,November
1131,2025-02-09,Home & Kitchen,South,Upi,13,9.94,129.22,February
1154,2025-02-16,Sports,West,Net Banking,12,484.19,5810.28,February
2073,2025-11-22,Electronics,North,Credit Card,11,120.7,1327.7,November
1982,2025-10-25,Clothing,North,Debit Card,4,706.21125,2824.84,October
1359,2025-04-19,Home & Kitchen,East,Net Banking,8,370.03,2960.24,April
1832,2025-09-10,Toys,South,Net Banking,24,141.24,3389.76,September
1076,2025-01-23,Sports,East,Cash,19,86.82,1649.58,January
1951,2025-10-16,Home & Kitchen,West,Upi,20,173.95,3479.0,October
2075,2025-11-23,Toys,West,Net Banking,7,410.93,2876.51,November
1499,2025-06-01,Sports,West,Debit Card,8,107.73,861.84,June
1794,2025-08-29,Books,South,Net Banking,19,157.07,2984.33,August
1994,2025-10-29,Home & Kitchen,South,Net Banking,23,298.76,6871.48,October
1856,2025-09-17,Clothing,West,Cash,20,170.53,3410.6,September
1200,2025-02-03,Toys,East,Net Banking,17,445.12,7567.04,February
1869,2025-09-21,Clothing,South,Debit Card,13,33.06,429.78,September
1135,2025-02-10,Electronics,North,Upi,5,411.59,2057.95,February
1529,2025-06-10,Electronics,West,Cash,3,227.27,681.81,June
1260,2025-03-20,Electronics,South,Upi,11,38.29,421.19,March
1611,2025-07-05,Books,East,Cash,11,455.04,5005.44,July
1004,2025-01-01,Sports,West,Debit Card,11,138.08,1518.88,January
1831,2025-09-09,Electronics,North,Upi,24,248.95,5974.8,September
1211,2025-03-05,Home & Kitchen,West,Credit Card,12,215.3,2583.6,March
1197,2025-03-01,Clothing,South,Net Banking,11,380.56,4186.16,March
1599,2025-07-01,Home & Kitchen,North,Net Banking,18,291.06,5239.08,July
2179,2025-12-24,Home & Kitchen,North,Credit Card,16,260.56,4168.96,December
1719,2025-08-06,Electronics,West,Net Banking,10,417.65,4176.5,August
1027,2025-01-08,Books,North,Debit Card,11,57.17,628.87,January
1511,2025-06-04,Books,South,Debit Card,10,234.8,2348.0,June
1603,2025-07-02,Books,South,Upi,15,234.8,3522.0,July
1829,2025-09-09,Clothing,East,Upi,4,201.85,807.4,September
2136,2025-11-12,Books,East,Debit Card,17,203.72,3463.24,November
1340,2025-04-13,Toys,North,Upi,13,81.08,1054.04,April
1062,2025-01-19,Sports,South,Credit Card,1,100.96,100.96,January
1542,2025-06-14,Sports,East,Upi,23,387.52,8912.96,June
2036,2025-11-11,Sports,South,Cash,15,241.29,3619.35,November
1458,2025-05-19,Clothing,South,Net Banking,15,189.23,2838.45,May
1914,2025-10-05,Clothing,South,Net Banking,2,390.86,781.72,October
1643,2025-07-14,Sports,West,Debit Card,2,414.14,828.28,July
1779,2025-08-25,Sports,West,Cash,13,241.29,3136.77,August
1715,2025-08-05,Home & Kitchen,West,Upi,22,43.02,946.44,August
1661,2025-07-20,Books,South,Upi,11,469.47,5164.17,July
1692,2025-07-29,Books,South,Cash,2,412.69,825.38,July
1479,2025-05-26,Home & Kitchen,East,Net Banking,24,91.69,2200.56,May
1894,2025-09-29,Home & Kitchen,South,Upi,9,82.32,740.88,September
1009,2025-01-03,Home & Kitchen,East,Credit Card,19,229.9,4368.1,January
1447,2025-05-16,Clothing,East,Net Banking,19,382.41,7265.79,May
1688,2025-07-28,Electronics,South,Debit Card,6,421.25,2527.5,July
2048,2025-11-14,Clothing,East,Cash,8,348.24,2785.92,November
1509,2025-06-04,Books,North,Cash,22,499.78,10995.16,June
1663,2025-07-20,Electronics,West,Net Banking,1,491.87,491.87,July
1935,2025-10-11,Home & Kitchen,North,Net Banking,17,289.8,4926.6,October
1620,2025-07-07,Home & Kitchen,South,Debit Card,1,64.35,64.35,July
1075,2025-01-23,Toys,North,Debit Card,20,63.19,1263.8,January
1569,2025-06-22,Electronics,North,Cash,7,481.86,3373.02,June
1873,2025-09-22,Books,South,Debit Card,16,100.75,1612.0,September
1058,2025-01-18,Books,East,Upi,11,55.77,613.47,January
2032,2025-09-11,Clothing,West,Cash,13,224.83,2922.79,September
1596,2025-06-30,Electronics,South,Net Banking,5,332.65,1663.25,June
1298,2025-04-01,Books,South,Net Banking,8,464.45,3715.6,April
1697,2025-07-31,Electronics,North,Upi,16,63.73,1019.68,July
1218,2025-03-07,Clothing,South,Debit Card,11,411.81,4529.91,March
1993,2025-10-29,Home & Kitchen,South,Credit Card,24,318.69,7648.56,October
1674,2025-07-24,Clothing,West,Cash,4,244.845,979.38,July
1345,2025-04-15,Books,South,Debit Card,9,298.46,2686.14,April
2150,2025-12-15,Electronics,East,Credit Card,17,272.44,4631.48,December
1397,2025-05-01,Home & Kitchen,North,Net Banking,8,180.88,1447.04,May
1689,2025-07-28,Electronics,East,Upi,4,114.51,458.04,July
1926,2025-10-08,Toys,South,Cash,9,67.35,606.15,October
1769,2025-08-22,Clothing,South,Credit Card,13,165.98,2157.74,August
2047,2025-11-14,Electronics,West,Net Banking,9,248.95,2240.55,November
1890,2025-09-27,Books,North,Upi,23,337.28,7757.44,September
1862,2025-09-19,Toys,North,Credit Card,12,381.28,4575.36,September
1888,2025-09-27,Toys,North,Credit Card,17,370.29,6294.93,September
1267,2025-03-22,Electronics,North,Credit Card,12,498.83,5985.96,March
1007,2025-01-02,Home & Kitchen,North,Debit Card,14,334.9,4688.6,January
1886,2025-09-26,Electronics,South,Net Banking,21,201.51,4231.71,September
1123,2025-02-07,Toys,West,Credit Card,4,13.97,55.88,February
1645,2025-07-15,Toys,East,Credit Card,21,56.7,1190.7,July
1139,2025-02-11,Home & Kitchen,East,Net Banking,13,396.82,5158.66,February
1164,2025-02-19,Toys,North,Net Banking,13,113.96,1481.48,February
1740,2025-08-13,Books,South,Debit Card,9,253.7,2283.3,August
2158,2025-12-18,Clothing,West,Cash,7,219.22,1534.54,December
2077,2025-11-23,Toys,East,Net Banking,6,251.57,1509.42,November
1044,2025-01-14,Home & Kitchen,North,Cash,13,259.93,3379.09,January
1786,2025-08-27,Sports,North,Upi,5,303.75,1518.75,August
2184,2025-12-26,Toys,North,Debit Card,19,405.79,7710.01,December
1320,2025-07-04,Books,South,Net Banking,17,141.27,2401.59,July
1807,2025-09-02,Electronics,West,Debit Card,20,303.21,6064.2,September
1802,2025-09-01,Sports,North,Credit Card,21,46.64,979.44,September
1494,2025-05-30,Books,South,Net Banking,3,51.42,154.26,May
1295,2025-03-31,Electronics,West,Upi,4,197.67,790.68,March
1644,2025-07-15,Toys,East,Credit Card,15,401.49,6022.35,July
1564,2025-06-20,Clothing,West,Upi,16,473.84,7581.44,June
1612,2025-05-07,Home & Kitchen,North,Cash,13,160.37,2084.81,May
1505,2025-06-03,Clothing,South,Credit Card,11,81.47,896.17,June
1020,2025-06-01,Books,West,Cash,16,224.74,3595.84,June
1410,2025-05-05,Books,South,Upi,4,402.88,1611.52,May
1559,2025-06-19,Home & Kitchen,East,Debit Card,23,136.42,3137.66,June
1964,2025-10-20,Electronics,West,Credit Card,17,151.49,2575.33,October
1705,2025-08-02,Sports,East,Debit Card,4,329.92,1319.68,August
2096,2025-11-29,Home & Kitchen,North,Net Banking,1,33.16,33.16,November
1948,2025-10-15,Home & Kitchen,North,Debit Card,17,272.32000000000005,4629.44,October
1138,2025-02-11,Toys,South,Net Banking,17,170.15,2892.55,February
1409,2025-05-04,Toys,West,Credit Card,4,283.89,1135.56,May
1532,2025-11-06,Home & Kitchen,South,Cash,17,363.68,6182.56,November
1186,2025-02-26,Books,West,Upi,19,234.8,4461.2,February
2072,2025-11-22,Electronics,South,Debit Card,22,274.45,6037.9,November
2057,2025-11-17,Home & Kitchen,South,Credit Card,20,145.85,2917.0,November
2163,2025-12-19,Books,East,Cash,20,295.38,5907.6,December
1572,2025-06-23,Electronics,South,Credit Card,19,354.59,6737.21,June
1431,2025-05-11,Books,North,Debit Card,21,271.32,5697.72,May
2153,2025-12-16,Toys,South,Cash,10,454.47,4544.7,December
1780,2025-08-25,Clothing,West,Credit Card,22,473.64,10420.08,August
1328,2025-10-04,Toys,South,Net Banking,13,419.5,5453.5,October
1318,2025-04-07,Toys,West,Upi,2,350.08,700.16,April
2160,2025-12-18,Toys,South,Net Banking,21,44.9,942.9,December
1421,2025-05-08,Toys,West,Cash,19,412.08,7829.52,May
1541,2025-06-13,Books,North,Credit Card,20,67.12,1342.4,June
1738,2025-08-12,Clothing,West,Net Banking,10,280.74,2807.4,August
2076,2025-11-23,Home & Kitchen,North,Credit Card,15,272.32000000000005,4084.8,November
2134,2025-12-10,Home & Kitchen,West,Credit Card,16,302.89,4846.24,December
1493,2025-05-30,Toys,North,Debit Card,18,178.85,3219.3,May
1792,2025-08-29,Sports,North,Debit Card,12,313.26,3759.12,August
1149,2025-02-14,Books,South,Upi,13,105.72,1374.36,February
1651,2025-07-17,Clothing,South,Cash,18,38.28,689.04,July
2149,2025-12-15,Home & Kitchen,South,Credit Card,24,402.49,9659.76,December
1545,2025-06-15,Toys,West,Credit Card,17,285.06,4846.02,June
1771,2025-08-22,Sports,West,Debit Card,20,139.64,2792.8,August
1998,2025-10-30,Electronics,South,Debit Card,23,334.2,7686.6,October
1366,2025-04-21,Sports,North,Debit Card,14,486.82,6815.48,April
2042,2025-11-13,Books,South,Credit Card,24,342.68,8224.32,November
1501,2025-06-01,Electronics,South,Debit Card,22,454.68,10002.96,June
2154,2025-12-17,Clothing,North,Credit Card,18,201.17,3621.06,December
2172,2025-12-22,Clothing,North,Upi,11,66.55,732.05,December
1961,2025-10-19,Books,West,Cash,19,216.07,4105.33,October
1900,2025-09-30,Home & Kitchen,West,Cash,4,433.72,1734.88,September
1233,2025-03-12,Home & Kitchen,North,Credit Card,15,332.67,4990.05,March
1535,2025-06-12,Books,East,Net Banking,20,144.12,2882.4,June
1610,2025-07-04,Toys,East,Credit Card,19,237.21,4506.99,July
1820,2025-06-09,Clothing,South,Net Banking,4,289.11,1156.44,June
1433,2025-05-12,Electronics,South,Debit Card,11,494.78,5442.58,May
1315,2025-06-04,Electronics,North,Credit Card,19,87.84,1668.96,June
1159,2025-02-17,Toys,West,Debit Card,4,402.89,1611.56,February
1316,2025-06-04,Books,South,Net Banking,6,252.68,1516.08,June
1257,2025-03-19,Home & Kitchen,South,Cash,18,423.21,7617.78,March
1770,2025-08-22,Home & Kitchen,East,Net Banking,20,24.44,488.8,August
1097,2025-01-30,Books,West,Debit Card,13,480.13,6241.69,January
2189,2025-12-27,Toys,South,Cash,3,408.12,1224.36,December
1745,2025-08-14,Electronics,South,Debit Card,19,467.48,8882.12,August
1385,2025-04-27,Home & Kitchen,East,Net Banking,9,706.21125,6355.9,April
2191,2025-12-28,Books,South,Debit Card,6,70.43,422.58,December
1178,2025-02-23,Electronics,East,Upi,7,248.95,1742.65,February
1484,2025-05-27,Toys,West,Upi,13,128.59,1671.67,May
1329,2025-04-10,Toys,North,Upi,24,89.02,2136.48,April
1416,2025-06-05,Home & Kitchen,North,Credit Card,17,140.45,2387.65,June
1358,2025-04-19,Toys,West,Credit Card,4,237.21,948.84,April
1348,2025-04-16,Books,East,Upi,21,20.71,434.91,April
1514,2025-06-05,Home & Kitchen,East,Net Banking,15,20.08,301.2,June
1299,2025-04-01,Toys,South,Net Banking,23,464.92,10693.16,April
1566,2025-06-21,Home & Kitchen,South,Upi,21,370.84,7787.64,June
1819,2025-09-06,Electronics,East,Net Banking,14,24.5,343.0,September
1795,2025-08-30,Electronics,West,Upi,13,275.5,3581.5,August
2141,2025-12-13,Home & Kitchen,South,Net Banking,3,368.51,1105.53,December
2195,2025-12-29,Clothing,North,Upi,14,32.01,448.14,December
1664,2025-07-21,Sports,East,Net Banking,17,133.54,2270.18,July
1250,2025-03-17,Books,West,Cash,3,164.9,494.7,March
2050,2025-11-15,Toys,North,Cash,17,377.97,6425.49,November
1016,2025-05-01,Books,South,Credit Card,21,468.46,9837.66,May
2016,2025-05-11,Toys,South,Cash,14,272.45,3814.3,May
1160,2025-02-18,Books,South,Cash,19,234.8,4461.2,February
1735,2025-08-11,Clothing,South,Upi,12,212.5,2550.0,August
1723,2025-08-08,Sports,North,Net Banking,11,131.39,1445.29,August
1361,2025-04-20,Electronics,West,Upi,20,402.31,8046.2,April
1049,2025-01-15,Electronics,North,Net Banking,12,395.7,4748.4,January
1203,2025-03-03,Electronics,South,Credit Card,9,82.46,742.14,March
1331,2025-04-11,Toys,East,Net Banking,2,390.66,781.32,April
1604,2025-03-07,Sports,East,Cash,17,8.4,142.8,March
1913,2025-10-04,Books,East,Credit Card,24,280.31,6727.44,October
1113,2025-02-04,Home & Kitchen,West,Net Banking,15,63.02,945.3,February
1339,2025-04-13,Sports,West,Debit Card,22,241.29,5308.38,April
1308,2025-04-04,Clothing,West,Net Banking,8,298.61,2388.88,April
2074,2025-11-22,Home & Kitchen,West,Net Banking,23,320.7,7376.1,November
1423,2025-05-09,Clothing,West,Credit Card,17,212.21,3607.57,May
1417,2025-05-07,Electronics,North,Cash,6,246.48,1478.88,May
1960,2025-10-19,Sports,North,Net Banking,24,317.53,7620.72,October
1411,2025-05-05,Home & Kitchen,West,Cash,18,72.89,1312.02,May
2117,2025-12-05,Toys,West,Cash,1,228.61,228.61,December
1798,2025-08-30,Toys,South,Net Banking,23,89.61,2061.03,August
1863,2025-09-19,Clothing,North,Upi,6,81.18,487.08,September
1650,2025-07-17,Home & Kitchen,North,Cash,22,111.27,2447.94,July
1396,2025-04-30,Clothing,East,Upi,18,131.95,2375.1,April
1622,2025-07-08,Books,South,Cash,15,268.07,4021.05,July
1460,2025-05-20,Toys,South,Net Banking,18,74.91,1348.38,May
1573,2025-06-23,Books,East,Upi,9,313.23,2819.07,June
1128,2025-08-02,Home & Kitchen,South,Cash,15,316.07,4741.05,August
2098,2025-11-30,Sports,West,Debit Card,6,352.54,2115.24,November
1953,2025-10-17,Sports,North,Debit Card,8,464.79,3718.32,October
1706,2025-08-03,Sports,South,Net Banking,15,485.72,7285.8,August
1607,2025-07-03,Books,North,Cash,10,208.54,2085.4,July
1450,2025-05-17,Toys,North,Net Banking,10,475.97,4759.7,May
1238,2025-03-13,Books,South,Debit Card,16,48.75,780.0,March
1168,2025-02-20,Books,West,Debit Card,4,187.94,751.76,February
1636,2025-12-07,Clothing,North,Net Banking,38,411.39,15838.52,December
1641,2025-07-14,Books,East,Upi,18,166.76,3001.68,July
1081,2025-01-25,Clothing,North,Cash,15,84.87,1273.05,January
1415,2025-05-06,Toys,East,Cash,19,313.88,5963.72,May
1675,2025-07-24,Clothing,West,Net Banking,3,290.93,872.79,July
1301,2025-04-02,Toys,East,Upi,2,266.2,532.4,April
2178,2025-12-24,Clothing,East,Net Banking,18,205.68,3702.24,December
1325,2025-04-09,Home & Kitchen,South,Debit Card,6,354.04,2124.24,April
1782,2025-08-26,Toys,South,Debit Card,24,392.73,9425.52,August
1216,2025-07-03,Home & Kitchen,West,Upi,4,349.6,1398.4,July
1627,2025-07-10,Clothing,East,Upi,15,219.75,3296.25,July
1031,2025-01-10,Home & Kitchen,West,Cash,15,133.82,2007.3,January
1243,2025-03-15,Electronics,South,Net Banking,17,133.49,2269.33,March
1983,2025-10-26,Electronics,South,Credit Card,12,450.63,5407.56,October
1210,2025-03-05,Clothing,East,Upi,16,111.38,1782.08,March
1639,2025-07-13,Clothing,North,Debit Card,22,449.7,9893.4,July
1436,2025-05-13,Books,South,Debit Card,1,101.61,101.61,May
2115,2025-12-05,Electronics,South,Debit Card,2,330.76,661.52,December
1574,2025-06-23,Clothing,West,Debit Card,11,495.1,5446.1,June
1404,2025-03-05,Books,South,Cash,11,433.01,4763.11,March
1240,2025-03-14,Toys,West,Upi,8,187.33,1498.64,March
1363,2025-04-20,Sports,North,Upi,18,19.86,357.48,April
1272,2025-03-24,Books,West,Net Banking,24,16.1,386.4,March
1467,2025-05-22,Electronics,East,Cash,13,146.43,1903.59,May
2089,2025-11-27,Books,East,Upi,2,99.02,198.04,November
1784,2025-08-26,Home & Kitchen,East,Credit Card,9,495.21,4456.89,August
1278,2025-03-26,Clothing,East,Debit Card,17,119.85,2037.45,March
2087,2025-11-26,Electronics,East,Credit Card,2,322.28,644.56,November
2164,2025-12-20,Sports,North,Debit Card,15,415.08,6226.2,December
1789,2025-08-28,Electronics,North,Net Banking,19,248.95,4730.05,August
1703,2025-08-02,Books,West,Cash,10,206.84,2068.4,August
1443,2025-05-15,Toys,South,Net Banking,9,430.6,3875.4,May
1300,2025-01-04,Home & Kitchen,North,Credit Card,9,174.24,1568.16,January
1376,2025-04-24,Electronics,North,Net Banking,18,47.13,848.34,April
1669,2025-07-22,Home & Kitchen,West,Net Banking,11,31.12,342.32,July
1811,2025-09-03,Toys,North,Credit Card,13,237.21,3083.73,September
1659,2025-07-19,Electronics,East,Upi,12,286.15,3433.8,July
1473,2025-05-24,Sports,West,Upi,16,399.88,6398.08,May
1587,2025-06-27,Sports,West,Net Banking,2,50.72,101.44,June
2170,2025-12-21,Books,East,Credit Card,2,142.15,284.3,December
1389,2025-04-28,Electronics,West,Debit Card,17,222.67,3785.39,April
1023,2025-01-07,Books,South,Upi,17,253.8,4314.6,January
1548,2025-06-16,Home & Kitchen,West,Credit Card,22,706.21125,15536.65,June
1962,2025-10-19,Clothing,North,Debit Card,6,276.33,1657.98,October
1424,2025-09-05,Toys,North,Debit Card,23,231.92,5334.16,September
2000,2025-10-31,Sports,East,Credit Card,19,174.65,3318.35,October
1892,2025-09-28,Home & Kitchen,East,Debit Card,10,45.21,452.1,September
1678,2025-07-25,Home & Kitchen,North,Debit Card,12,272.32000000000005,3267.84,July
1582,2025-06-26,Electronics,South,Upi,4,468.06,1872.24,June
1143,2025-02-13,Books,West,Net Banking,21,441.87,9279.27,February
1051,2025-01-16,Toys,South,Cash,3,457.33,1371.99,January
1701,2025-08-01,Toys,West,Debit Card,8,21.17,169.36,August
2165,2025-12-20,Books,West,Net Banking,1,44.69,44.69,December
1082,2025-01-25,Toys,North,Net Banking,11,46.36,509.96,January
1483,2025-05-27,Sports,East,Net Banking,13,437.67,5689.71,May
1322,2025-04-08,Electronics,West,Debit Card,2,319.79,639.58,April
2011,2025-11-03,Electronics,North,Upi,12,5.02,60.24,November
1725,2025-08-08,Toys,North,Credit Card,24,180.67,4336.08,August
2167,2025-12-20,Sports,East,Net Banking,5,316.9,1584.5,December
1067,2025-01-21,Clothing,West,Upi,5,375.44,1877.2,January
1968,2025-10-21,Books,South,Cash,1,445.74,445.74,October
2144,2025-12-13,Toys,East,Cash,15,278.42,4176.3,December
1778,2025-08-24,Home & Kitchen,West,Upi,1,337.19,337.19,August
1418,2025-05-07,Clothing,East,Net Banking,16,45.72,731.52,May
1748,2025-08-15,Toys,South,Upi,17,316.76,5384.92,August
1065,2025-01-20,Electronics,East,Upi,2,419.76,839.52,January
1952,2025-10-16,Books,South,Cash,3,241.87,725.61,October
1997,2025-10-30,Sports,East,Debit Card,16,165.15,2642.4,October
1734,2025-08-11,Sports,South,Cash,3,25.75,77.25,August
1492,2025-05-30,Toys,North,Upi,4,231.87,927.48,May
1749,2025-08-16,Electronics,East,Cash,3,248.95,746.85,August
1834,2025-09-10,Sports,East,Upi,4,139.39,557.56,September
1066,2025-01-20,Books,North,Credit Card,24,430.09,10322.16,January
2028,2025-08-11,Toys,East,Debit Card,15,160.88,2413.2,August
1700,2025-01-08,Sports,East,Cash,23,241.29,5549.67,January
2021,2025-11-06,Books,West,Credit Card,18,47.1,847.8,November
1297,2025-03-31,Toys,North,Net Banking,2,300.44,600.88,March
1420,2025-08-05,Sports,South,Debit Card,12,156.7,1880.4,August
1439,2025-05-13,Books,North,Cash,11,248.82,2737.02,May
1262,2025-03-21,Clothing,West,Debit Card,11,499.45,5493.95,March
1732,2025-10-08,Books,East,Cash,22,82.62,1817.64,October
1282,2025-03-27,Sports,South,Cash,3,382.34,1147.02,March
1665,2025-07-21,Books,South,Upi,16,485.01,7760.16,July
1713,2025-08-05,Books,North,Cash,18,234.8,4226.4,August
1189,2025-02-27,Home & Kitchen,West,Upi,11,337.22,3709.42,February
1938,2025-10-12,Toys,South,Credit Card,15,385.45,5781.75,October
1252,2025-03-18,Home & Kitchen,South,Net Banking,13,272.32000000000005,3540.16,March
1790,2025-08-28,Home & Kitchen,South,Upi,21,469.57,9860.97,August
1733,2025-08-11,Books,South,Upi,5,414.51,2072.55,August
1515,2025-06-06,Clothing,East,Credit Card,21,106.2,2230.2,June
1624,2025-09-07,Electronics,South,Debit Card,6,248.95,1493.7,September
1488,2025-05-28,Books,North,Debit Card,9,397.33,3575.97,May
1274,2025-03-24,Electronics,South,Debit Card,3,392.95,1178.85,March
2059,2025-11-18,Toys,North,Credit Card,17,310.47,5277.99,November
2103,2025-12-01,Sports,South,Net Banking,1,229.82,229.82,December
1449,2025-05-17,Clothing,East,Upi,5,244.845,1224.22,May
1412,2025-05-05,Books,West,Upi,15,292.45,4386.75,May
1896,2025-09-29,Clothing,West,Net Banking,11,488.75,5376.25,September
1757,2025-08-18,Sports,West,Credit Card,14,417.3,5842.2,August
1979,2025-10-24,Clothing,North,Upi,11,358.79,3946.69,October
2056,2025-11-17,Home & Kitchen,East,Upi,18,17.72,318.96,November
1150,2025-02-15,Toys,South,Debit Card,19,38.15,724.85,February
1219,2025-03-08,Clothing,North,Debit Card,1,331.46,331.46,March
1758,2025-08-18,Toys,West,Debit Card,17,272.45,4631.65,August
1193,2025-02-28,Toys,West,Debit Card,12,101.51,1218.12,February
1192,2025-02-27,Electronics,East,Debit Card,15,89.09,1336.35,February
1618,2025-07-07,Electronics,North,Upi,11,217.83,2396.13,July
2094,2025-11-28,Books,East,Debit Card,10,15.36,153.6,November
1634,2025-07-12,Home & Kitchen,East,Upi,20,331.04,6620.8,July
1744,2025-08-14,Sports,East,Net Banking,2,443.66,887.32,August
1875,2025-09-23,Sports,North,Cash,14,133.61,1870.54,September
1986,2025-10-27,Clothing,West,Credit Card,24,341.42,8194.08,October
1747,2025-08-15,Home & Kitchen,North,Debit Card,7,319.53,2236.71,August
1583,2025-06-26,Toys,East,Credit Card,8,96.94,775.52,June
1324,2025-09-04,Books,West,Net Banking,16,93.78,1500.48,September
1977,2025-10-24,Electronics,North,Debit Card,12,206.26,2475.12,October
1902,2025-10-01,Sports,North,Debit Card,20,236.5,4730.0,October
1796,2025-08-30,Sports,East,Net Banking,7,211.51,1480.57,August
1438,2025-05-13,Sports,East,Cash,12,372.11,4465.32,May
1814,2025-09-04,Sports,South,Debit Card,16,119.58,1913.28,September
1884,2025-09-26,Home & Kitchen,West,Credit Card,21,338.18,7101.78,September
1342,2025-04-14,Books,East,Upi,7,142.12,994.84,April
1003,2025-01-01,Home & Kitchen,West,Cash,19,271.47,5157.93,January
1230,2025-03-11,Clothing,West,Cash,18,113.26,2038.68,March
1681,2025-07-26,Clothing,South,Cash,18,184.47,3320.46,July
2183,2025-12-25,Home & Kitchen,West,Upi,6,243.23,1459.38,December
1077,2025-01-24,Clothing,West,Credit Card,10,5.99,59.9,January
2132,2025-10-12,Toys,North,Net Banking,10,79.96,799.6,October
1372,2025-04-23,Sports,North,Net Banking,4,487.79,1951.16,April
1181,2025-02-24,Electronics,West,Debit Card,5,37.9,189.5,February
1751,2025-08-16,Electronics,North,Credit Card,20,267.99,5359.8,August
1578,2025-06-25,Electronics,East,Cash,24,224.19,5380.56,June
1944,2025-10-14,Sports,East,Credit Card,15,241.29,3619.35,October
1801,2025-08-31,Sports,East,Net Banking,5,449.49,2247.45,August
2049,2025-11-15,Toys,West,Credit Card,10,351.8,3518.0,November
2040,2025-12-11,Books,North,Debit Card,19,204.34,3882.46,December
1682,2025-07-26,Books,West,Debit Card,19,403.83,7672.77,July
1590,2025-06-28,Electronics,East,Debit Card,23,79.48,1828.04,June
1816,2025-05-09,Books,East,Credit Card,16,463.6,7417.6,May
1861,2025-09-19,Books,East,Upi,4,403.69,1614.76,September
2019,2025-11-06,Books,West,Debit Card,24,285.04,6840.96,November
1999,2025-10-30,Electronics,South,Credit Card,19,280.51,5329.69,October
1038,2025-01-12,Home & Kitchen,East,Cash,21,407.99,8567.79,January
1354,2025-04-18,Toys,South,Cash,13,237.21,3083.73,April
2124,2025-07-12,Electronics,South,Net Banking,4,331.55,1326.2,July
1237,2025-03-13,Sports,North,Cash,38,97.92,3769.92,March
2139,2025-12-12,Books,South,Upi,15,198.91,2983.65,December
1500,2025-01-06,Books,South,Net Banking,22,122.88,2703.36,January
1554,2025-06-17,Clothing,North,Net Banking,5,175.82,879.1,June
1056,2025-01-17,Sports,North,Debit Card,23,470.85,10829.55,January
1303,2025-04-02,Home & Kitchen,South,Debit Card,14,272.32000000000005,3812.48,April
1287,2025-03-28,Home & Kitchen,South,Upi,15,314.18,4712.7,March
1846,2025-09-14,Toys,East,Cash,9,237.21,2134.89,September
1220,2025-08-03,Books,East,Upi,24,399.14,9579.36,August
1670,2025-07-23,Sports,South,Debit Card,12,347.55,4170.6,July
1388,2025-04-28,Clothing,North,Credit Card,15,484.04,7260.6,April
2102,2025-12-01,Home & Kitchen,West,Debit Card,4,272.32000000000005,1089.28,December
1391,2025-04-29,Electronics,East,Debit Card,22,400.16,8803.52,April
1353,2025-04-17,Books,West,Net Banking,17,442.04,7514.68,April
1194,2025-02-28,Sports,West,Debit Card,13,445.75,5794.75,February
1236,2025-03-13,Toys,South,Net Banking,13,381.62,4961.06,March
2128,2025-09-12,Sports,South,Debit Card,4,407.79,1631.16,September
1481,2025-05-26,Clothing,South,Net Banking,1,114.15,114.15,May
1568,2025-06-22,Books,North,Credit Card,13,144.4,1877.2,June
1117,2025-02-05,Electronics,South,Net Banking,5,107.09,535.45,February
1965,2025-10-20,Toys,East,Cash,8,333.59,2668.72,October
1654,2025-07-18,Sports,North,Upi,14,21.06,294.84,July
2020,2025-06-11,Home & Kitchen,South,Upi,1,259.66,259.66,June
2135,2025-12-11,Clothing,North,Cash,6,292.96,1757.76,December
1840,2025-12-09,Sports,South,Net Banking,24,417.02,10008.48,December
1821,2025-09-06,Books,East,Upi,15,199.48,2992.2,September
1121,2025-02-06,Clothing,North,Credit Card,23,256.36,5896.28,February
1864,2025-09-19,Home & Kitchen,East,Credit Card,19,78.88,1498.72,September
2046,2025-11-14,Books,South,Debit Card,10,68.52,685.2,November
1817,2025-09-05,Toys,West,Credit Card,7,212.72,1489.04,September
1063,2025-01-19,Home & Kitchen,East,Net Banking,24,430.11,10322.64,January
1707,2025-08-03,Sports,West,Credit Card,1,283.28,283.28,August
1454,2025-05-18,Books,South,Upi,16,234.8,3756.8,May
1516,2025-06-06,Electronics,East,Cash,10,173.5,1735.0,June
1571,2025-06-23,Sports,West,Upi,15,241.29,3619.35,June
1224,2025-09-03,Electronics,South,Debit Card,19,469.84,8926.96,September
1614,2025-07-06,Sports,East,Debit Card,8,139.46,1115.68,July
1222,2025-03-09,Sports,West,Upi,15,347.72,5215.8,March
1709,2025-08-03,Sports,North,Debit Card,7,38.88,272.16,August
1838,2025-09-12,Electronics,West,Upi,23,30.03,690.69,September
1466,2025-05-22,Clothing,South,Debit Card,9,413.73,3723.57,May
1053,2025-01-16,Clothing,East,Debit Card,12,166.74,2000.88,January
2122,2025-12-07,Electronics,South,Credit Card,17,210.34,3575.78,December
1486,2025-05-28,Sports,East,Credit Card,13,5.32,69.16,May
2169,2025-12-21,Books,North,Net Banking,16,392.82,6285.12,December
1973,2025-10-23,Electronics,West,Cash,13,49.49,643.37,October
1156,2025-02-17,Sports,East,Net Banking,12,241.29,2895.48,February
1971,2025-10-22,Sports,North,Net Banking,6,252.64,1515.84,October
1601,2025-07-02,Electronics,North,Debit Card,15,409.62,6144.3,July
1929,2025-10-09,Sports,South,Credit Card,6,424.21,2545.26,October
1249,2025-03-17,Home & Kitchen,South,Upi,6,335.09,2010.54,March
1442,2025-05-14,Books,North,Net Banking,15,183.89,2758.35,May
2112,2025-04-12,Electronics,West,Upi,24,172.96,4151.04,April
2125,2025-12-08,Electronics,East,Credit Card,19,223.81,4252.39,December
1543,2025-06-14,Sports,North,Upi,16,122.28,1956.48,June
1702,2025-08-01,Clothing,West,Cash,13,240.42,3125.46,August
1118,2025-02-05,Books,North,Cash,10,198.97,1989.7,February
2034,2025-11-10,Sports,South,Credit Card,22,241.29,5308.38,November
1629,2025-07-10,Toys,East,Credit Card,14,62.71,877.94,July
1752,2025-08-16,Sports,North,Debit Card,21,340.33,7146.93,August
1976,2025-10-23,Home & Kitchen,West,Credit Card,19,459.05,8721.95,October
1292,2025-03-30,Electronics,North,Upi,5,379.58,1897.9,March
2068,2025-11-20,Books,South,Net Banking,2,47.59,95.18,November
1382,2025-04-26,Clothing,South,Net Banking,24,137.94,3310.56,April
1737,2025-08-12,Books,South,Net Banking,13,440.27,5723.51,August
1991,2025-10-28,Clothing,South,Net Banking,7,112.86,790.02,October
1201,2025-03-02,Electronics,East,Net Banking,24,248.95,5974.8,March
1597,2025-06-30,Toys,East,Upi,24,376.83,9043.92,June
2166,2025-12-20,Sports,South,Net Banking,14,241.04,3374.56,December
2044,2025-11-13,Books,East,Debit Card,24,70.94,1702.56,November
1730,2025-08-10,Clothing,South,Cash,8,200.65,1605.2,August
1931,2025-10-10,Clothing,West,Upi,20,339.86,6797.2,October
1506,2025-06-03,Clothing,South,Credit Card,3,246.2,738.6,June
1349,2025-04-16,Home & Kitchen,West,Debit Card,19,214.55,4076.45,April
1978,2025-10-24,Sports,South,Net Banking,16,75.92,1214.72,October
2093,2025-11-28,Toys,North,Debit Card,15,456.11,6841.65,November
1341,2025-04-14,Electronics,East,Debit Card,21,288.44,6057.24,April
1616,2025-06-07,Home & Kitchen,South,Net Banking,4,96.39,385.56,June
1155,2025-02-16,Books,North,Cash,21,37.95,796.95,February
2133,2025-12-10,Home & Kitchen,South,Credit Card,6,241.32,1447.92,December
1805,2025-09-02,Clothing,East,Credit Card,23,13.21,303.83,September
1078,2025-01-24,Clothing,South,Debit Card,18,360.78,6494.04,January
1288,2025-03-29,Home & Kitchen,South,Debit Card,38,432.89,16666.26,March
1323,2025-04-08,Electronics,South,Upi,10,301.65,3016.5,April
1963,2025-10-20,Electronics,South,Upi,1,91.45,91.45,October
1867,2025-09-20,Sports,South,Credit Card,9,207.19,1864.71,September
1841,2025-09-13,Sports,East,Debit Card,20,403.8,8076.0,September
1083,2025-01-25,Books,North,Net Banking,17,14.47,245.99,January
1849,2025-09-15,Toys,South,Debit Card,5,237.21,1186.05,September
1465,2025-05-21,Clothing,South,Credit Card,7,95.5,668.5,May
1842,2025-09-13,Toys,South,Debit Card,23,116.04,2668.92,September
1799,2025-08-31,Home & Kitchen,South,Cash,7,211.98,1483.86,August
2200,2025-12-31,Books,North,Credit Card,17,234.8,3991.6,December
1969,2025-10-21,Electronics,West,Credit Card,5,290.56,1452.8,October
1334,2025-04-12,Home & Kitchen,North,Credit Card,8,419.89,3359.12,April
1011,2025-01-04,Books,North,Net Banking,9,127.95,1151.55,January
1739,2025-08-13,Clothing,South,Net Banking,4,119.53,478.12,August
1471,2025-05-23,Electronics,West,Upi,4,75.79,303.16,May
1033,2025-01-10,Books,East,Net Banking,21,84.43,1773.03,January
1826,2025-09-08,Toys,North,Credit Card,15,156.68,2350.2,September
1414,2025-05-06,Clothing,West,Credit Card,11,76.32,839.52,May
1581,2025-06-26,Clothing,South,Cash,22,418.11,9198.42,June
1383,2025-04-26,Toys,North,Net Banking,2,54.98,109.96,April
1871,2025-09-22,Clothing,South,Debit Card,18,199.0,3582.0,September
2099,2025-11-30,Toys,North,Debit Card,9,169.02,1521.18,November
2197,2025-12-30,Electronics,West,Credit Card,19,451.69,8582.11,December
2182,2025-12-25,Books,West,Upi,18,337.76,6079.68,December
2168,2025-12-21,Sports,South,Debit Card,11,415.18,4566.98,December
1379,2025-04-25,Clothing,North,Cash,14,109.34,1530.76,April
1090,2025-01-28,Sports,North,Credit Card,20,262.02,5240.4,January
1836,2025-11-09,Toys,North,Upi,2,190.49,380.98,November
1602,2025-07-02,Books,North,Cash,22,379.74,8354.28,July
1214,2025-03-06,Electronics,West,Net Banking,6,98.02,588.12,March
1333,2025-04-11,Sports,North,Cash,3,241.29,723.87,April
1134,2025-02-10,Home & Kitchen,West,Net Banking,4,418.88,1675.52,February
1347,2025-04-16,Home & Kitchen,East,Debit Card,13,30.73,399.49,April
1907,2025-10-03,Toys,West,Net Banking,17,284.29,4832.93,October
1008,2025-03-01,Home & Kitchen,West,Debit Card,18,394.76,7105.68,March
1889,2025-09-27,Books,North,Upi,16,183.43,2934.88,September
1321,2025-04-08,Home & Kitchen,South,Debit Card,23,82.32,1893.36,April
2071,2025-11-21,Electronics,East,Cash,6,294.87,1769.22,November
1188,2025-02-26,Electronics,South,Credit Card,2,74.46,148.92,February
1635,2025-07-12,Home & Kitchen,North,Credit Card,20,466.12,9322.4,July
1553,2025-06-17,Sports,West,Upi,2,121.04,242.08,June
1305,2025-04-03,Sports,East,Debit Card,6,326.51,1959.06,April
1032,2025-10-01,Clothing,South,Net Banking,5,83.95,419.75,October
1881,2025-09-25,Toys,West,Upi,16,124.06,1984.96,September
1685,2025-07-27,Books,South,Credit Card,6,46.92,281.52,July
1241,2025-03-14,Toys,East,Credit Card,20,219.01,4380.2,March
1068,2025-01-21,Books,East,Cash,7,222.41,1556.87,January
1175,2025-02-22,Home & Kitchen,North,Upi,15,332.53,4987.95,February
1767,2025-08-21,Clothing,North,Upi,18,157.69,2838.42,August
2199,2025-12-30,Home & Kitchen,North,Net Banking,10,112.08,1120.8,December
1246,2025-03-16,Home & Kitchen,West,Upi,1,125.48,125.48,March
1057,2025-01-18,Clothing,South,Upi,8,438.78,3510.24,January
1631,2025-07-11,Sports,North,Net Banking,17,451.69,7678.73,July
1584,2025-06-26,Sports,West,Debit Card,3,189.39,568.17,June
2052,2025-11-16,Toys,North,Debit Card,6,252.48,1514.88,November
1146,2025-02-14,Electronics,East,Debit Card,3,196.97,590.91,February
1091,2025-01-28,Clothing,North,Credit Card,24,244.845,5876.28,January
2143,2025-12-13,Sports,South,Upi,21,33.99,713.79,December
1393,2025-04-30,Toys,South,Debit Card,17,153.19,2604.23,April
1901,2025-10-01,Sports,West,Credit Card,16,148.27,2372.32,October
1683,2025-07-27,Toys,South,Debit Card,23,167.45,3851.35,July
1311,2025-04-05,Home & Kitchen,North,Net Banking,13,272.32000000000005,3540.16,April
1360,2025-04-19,Books,East,Cash,22,234.8,5165.6,April
1094,2025-01-29,Electronics,West,Credit Card,1,198.56,198.56,January
2066,2025-11-20,Sports,East,Net Banking,3,294.85,884.55,November
2051,2025-11-15,Sports,North,Credit Card,2,437.07,874.14,November
1377,2025-04-25,Clothing,North,Debit Card,12,195.87,2350.44,April
1244,2025-03-15,Electronics,South,Credit Card,17,21.67,368.39,March
2105,2025-12-02,Sports,West,Debit Card,10,467.69,4676.9,December
1088,2025-01-27,Toys,West,Upi,2,57.15,114.3,January
1215,2025-03-06,Electronics,North,Debit Card,23,43.1,991.3,March
1445,2025-05-15,Books,East,Cash,20,167.48,3349.6,May
1174,2025-02-22,Toys,South,Cash,22,112.75,2480.5,February
2187,2025-12-27,Toys,East,Upi,24,491.35,11792.4,December
1426,2025-05-10,Books,North,Credit Card,24,289.27,6942.48,May
2085,2025-11-26,Sports,South,Debit Card,3,366.46,1099.38,November
1119,2025-02-05,Electronics,North,Debit Card,5,448.36,2241.8,February
1120,2025-06-02,Books,North,Net Banking,3,106.14,318.42,June
1975,2025-10-23,Clothing,South,Cash,3,173.77,521.31,October
1001,2025-01-01,Books,West,Net Banking,10,460.78,4607.8,January
1395,2025-04-30,Clothing,West,Debit Card,24,69.19,1660.56,April
1402,2025-05-02,Clothing,North,Debit Card,11,77.73,855.03,May
1405,2025-05-03,Sports,North,Net Banking,19,81.69,1552.11,May
1887,2025-09-26,Home & Kitchen,North,Net Banking,8,82.38,659.04,September
1899,2025-09-30,Home & Kitchen,North,Upi,17,291.01,4947.17,September
1163,2025-02-19,Sports,West,Net Banking,3,163.98,491.94,February
1115,2025-02-04,Clothing,South,Debit Card,10,75.71,757.1,February
1671,2025-07-23,Books,South,Credit Card,6,231.67,1390.02,July
1151,2025-02-15,Sports,East,Cash,17,439.29,7467.93,February
1844,2025-09-13,Home & Kitchen,South,Upi,5,409.57,2047.85,September
1830,2025-09-09,Books,North,Credit Card,2,487.03,974.06,September
1562,2025-06-20,Clothing,West,Upi,12,162.19,1946.28,June
1369,2025-04-22,Electronics,North,Credit Card,24,35.89,861.36,April
1544,2025-06-14,Books,South,Cash,15,340.31,5104.65,June
1478,2025-05-25,Sports,North,Credit Card,22,398.98,8777.56,May
2157,2025-12-17,Home & Kitchen,South,Cash,8,79.97,639.76,December
1533,2025-06-11,Home & Kitchen,South,Cash,12,60.24,722.88,June
1626,2025-07-09,Sports,West,Upi,22,300.06,6601.32,July
1693,2025-07-30,Toys,West,Net Banking,17,195.38,3321.46,July
1513,2025-06-05,Clothing,West,Net Banking,12,89.5,1074.0,June
2041,2025-11-12,Home & Kitchen,West,Credit Card,22,337.89,7433.58,November
1073,2025-01-22,Clothing,South,Upi,1,348.51,348.51,January
1808,2025-02-09,Sports,North,Credit Card,15,85.69,1285.35,February
1259,2025-03-20,Books,North,Upi,22,290.47,6390.34,March
1625,2025-07-09,Sports,North,Cash,24,153.47,3683.28,July
1827,2025-09-08,Home & Kitchen,West,Credit Card,24,24.93,598.32,September
1235,2025-03-13,Electronics,West,Credit Card,7,390.12,2730.84,March
1617,2025-07-07,Books,North,Upi,15,174.34,2615.1,July
1517,2025-06-06,Sports,South,Credit Card,14,257.74,3608.36,June
1919,2025-10-06,Clothing,North,Debit Card,1,496.02,496.02,October
1837,2025-09-11,Home & Kitchen,East,Upi,17,277.18,4712.06,September
1843,2025-09-13,Clothing,South,Cash,13,116.91,1519.83,September
1803,2025-09-01,Sports,West,Cash,14,199.59,2794.26,September
1810,2025-09-03,Electronics,East,Credit Card,20,16.74,334.8,September
1593,2025-06-29,Electronics,East,Credit Card,8,253.25,2026.0,June
2083,2025-11-25,Clothing,South,Credit Card,19,405.91,7712.29,November
1502,2025-06-02,Toys,East,Cash,1,236.69,236.69,June
1539,2025-06-13,Clothing,North,Credit Card,6,199.09,1194.54,June
1954,2025-10-17,Clothing,West,Debit Card,14,706.21125,9886.96,October
1729,2025-08-10,Books,South,Net Banking,23,39.7,913.1,August
1344,2025-04-15,Sports,East,Cash,17,293.68,4992.56,April
1985,2025-10-26,Home & Kitchen,North,Debit Card,38,339.8,13082.3,October
1898,2025-09-30,Clothing,East,Cash,22,331.41,7291.02,September
1294,2025-03-30,Home & Kitchen,South,Debit Card,1,355.16,355.16,March
1365,2025-04-21,Toys,East,Upi,18,313.2,5637.6,April
1906,2025-10-02,Sports,East,Cash,6,168.49,1010.94,October
1660,2025-07-20,Toys,East,Cash,13,151.7,1972.1,July
1015,2025-01-05,Clothing,South,Credit Card,6,326.41,1958.46,January
1687,2025-07-28,Sports,East,Net Banking,18,243.66,4385.88,July
1087,2025-01-27,Electronics,South,Upi,8,180.36,1442.88,January
1371,2025-04-23,Sports,South,Credit Card,22,38.17,839.74,April
1166,2025-02-20,Sports,East,Upi,2,189.4,378.8,February
1132,2025-09-02,Sports,South,Credit Card,16,363.1,5809.6,September
1336,2025-12-04,Home & Kitchen,West,Credit Card,14,480.66,6729.24,December
1060,2025-01-18,Books,South,Upi,22,278.92,6136.24,January
1710,2025-08-04,Home & Kitchen,East,Debit Card,17,272.32000000000005,4629.44,August
1940,2025-10-13,Clothing,West,Upi,23,347.72,7997.56,October
1677,2025-07-25,Toys,West,Debit Card,24,412.66,9903.84,July
1355,2025-04-18,Sports,South,Debit Card,23,109.56,2519.88,April
2022,2025-11-06,Toys,South,Cash,38,237.21,9132.59,November
1425,2025-05-09,Electronics,South,Debit Card,1,363.88,363.88,May
1293,2025-03-30,Books,South,Debit Card,9,223.94,2015.46,March
1042,2025-01-13,Home & Kitchen,North,Net Banking,4,158.35,633.4,January
2086,2025-11-26,Home & Kitchen,East,Debit Card,15,185.59,2783.85,November
1330,2025-04-10,Toys,West,Credit Card,15,14.48,217.2,April
1615,2025-07-06,Sports,West,Credit Card,8,99.35,794.8,July
1430,2025-05-11,Home & Kitchen,South,Net Banking,23,160.37,3688.51,May
1080,2025-01-24,Clothing,West,Credit Card,11,259.89,2858.79,January
1694,2025-07-30,Electronics,East,Debit Card,11,232.27,2554.97,July
1029,2025-01-09,Electronics,South,Net Banking,23,207.79,4779.17,January
1708,2025-03-08,Toys,North,Credit Card,11,358.8,3946.8,March
1955,2025-10-17,Clothing,East,Upi,1,235.34,235.34,October
1949,2025-10-15,Home & Kitchen,North,Credit Card,19,27.27,518.13,October
1891,2025-09-28,Electronics,West,Debit Card,10,138.97,1389.7,September
1255,2025-03-19,Clothing,West,Debit Card,23,498.1,11456.3,March
1161,2025-02-18,Clothing,East,Cash,1,498.61,498.61,February
1459,2025-05-20,Sports,East,Upi,16,332.53,5320.48,May
1384,2025-04-27,Clothing,East,Upi,11,87.91,967.01,April
1314,2025-04-06,Books,North,Credit Card,13,471.14,6124.82,April
1085,2025-01-26,Toys,East,Upi,6,445.97,2675.82,January
1575,2025-06-24,Sports,East,Debit Card,8,159.38,1275.04,June
1763,2025-08-20,Home & Kitchen,East,Upi,21,129.33,2715.93,August
1137,2025-02-11,Clothing,South,Debit Card,9,245.12,2206.08,February
1112,2025-03-02,Electronics,East,Credit Card,6,304.79,1828.74,March
1195,2025-02-28,Electronics,West,Credit Card,21,376.24,7901.04,February
1853,2025-09-16,Toys,North,Net Banking,7,30.39,212.73,September
1179,2025-02-24,Toys,East,Debit Card,21,387.54,8138.34,February
1556,2025-06-18,Clothing,South,Debit Card,7,480.94,3366.58,June
1724,2025-08-08,Toys,South,Cash,21,57.41,1205.61,August
1860,2025-09-18,Electronics,South,Debit Card,15,288.14,4322.1,September
1497,2025-05-31,Clothing,North,Upi,12,24.83,297.96,May
1806,2025-09-02,Home & Kitchen,East,Net Banking,10,332.55,3325.5,September
1130,2025-02-09,Electronics,East,Upi,17,130.37,2216.29,February
1716,2025-06-08,Books,East,Net Banking,12,180.56,2166.72,June
1338,2025-04-13,Clothing,West,Cash,23,246.81,5676.63,April
1609,2025-07-04,Books,South,Net Banking,15,442.87,6643.05,July
1125,2025-02-07,Home & Kitchen,East,Cash,9,39.18,352.62,February
1196,2025-01-03,Home & Kitchen,North,Debit Card,22,454.57,10000.54,January
1227,2025-03-10,Clothing,East,Upi,19,138.41,2629.79,March
1690,2025-07-29,Home & Kitchen,West,Net Banking,12,193.59,2323.08,July
1269,2025-03-23,Toys,South,Cash,9,24.97,224.73,March
1153,2025-02-16,Home & Kitchen,South,Net Banking,14,273.17,3824.38,February
1910,2025-10-03,Electronics,North,Credit Card,4,248.95,995.8,October
1585,2025-06-27,Books,West,Credit Card,9,464.67,4182.03,June
2039,2025-11-12,Toys,East,Net Banking,23,156.34,3595.82,November
1104,2025-01-02,Electronics,North,Upi,13,352.56,4583.28,January
1594,2025-06-30,Toys,North,Debit Card,9,127.1,1143.9,June
2126,2025-12-08,Clothing,East,Cash,1,325.88,325.88,December
1787,2025-08-27,Electronics,West,Cash,11,248.95,2738.45,August
1720,2025-07-08,Electronics,East,Upi,4,408.26,1633.04,July
1885,2025-09-26,Home & Kitchen,West,Debit Card,22,413.05,9087.1,September
1777,2025-08-24,Electronics,South,Upi,5,176.17,880.85,August
1957,2025-10-18,Home & Kitchen,East,Debit Card,2,45.39,90.78,October
1850,2025-09-15,Clothing,West,Upi,10,46.34,463.4,September
1895,2025-09-29,Sports,South,Debit Card,17,494.27,8402.59,September
1228,2025-10-03,Sports,East,Net Banking,21,99.51,2089.71,October
2174,2025-12-23,Home & Kitchen,South,Upi,3,485.62,1456.86,December
1302,2025-04-02,Electronics,North,Credit Card,14,109.76,1536.64,April
1855,2025-09-17,Home & Kitchen,East,Debit Card,21,223.84,4700.64,September
1276,2025-03-25,Books,North,Debit Card,18,159.83,2876.94,March
1127,2025-02-08,Toys,North,Upi,13,282.54,3673.02,February
1406,2025-05-03,Books,East,Cash,9,45.95,413.55,May
1776,2025-08-24,Clothing,North,Debit Card,9,365.54,3289.86,August
1822,2025-09-07,Clothing,South,Debit Card,3,19.18,57.54,September
1712,2025-04-08,Sports,North,Debit Card,24,308.33,7399.92,April
1766,2025-08-21,Clothing,South,Debit Card,1,259.48,259.48,August
1750,2025-08-16,Electronics,North,Debit Card,20,377.44,7548.8,August
2151,2025-12-16,Toys,North,Net Banking,11,44.24,486.64,December
1037,2025-01-11,Toys,South,Credit Card,6,237.21,1423.26,January
1140,2025-12-02,Electronics,East,Upi,2,228.39,456.78,December
1304,2025-02-04,Electronics,South,Credit Card,4,490.65,1962.6,February
1268,2025-03-23,Clothing,South,Credit Card,2,124.54,249.08,March
1835,2025-09-11,Toys,North,Credit Card,3,452.6,1357.8,September
1534,2025-06-11,Sports,North,Upi,22,306.12,6734.64,June
1546,2025-06-15,Clothing,South,Debit Card,8,464.93,3719.44,June
1213,2025-03-06,Sports,East,Cash,20,255.99,5119.8,March
1897,2025-09-30,Sports,East,Debit Card,10,397.94,3979.4,September
1469,2025-05-23,Toys,South,Debit Card,5,485.11,2425.55,May
2053,2025-11-16,Home & Kitchen,East,Cash,5,366.47,1832.35,November
1868,2025-09-21,Books,West,Upi,5,341.45,1707.25,September
1673,2025-07-24,Home & Kitchen,North,Net Banking,16,308.92,4942.72,July
1917,2025-10-06,Electronics,West,Net Banking,7,24.87,174.09,October
1528,2025-09-06,Books,West,Debit Card,3,17.36,52.08,September
1676,2025-07-24,Home & Kitchen,North,Upi,16,182.81,2924.96,July
2079,2025-11-24,Sports,West,Debit Card,9,129.89,1169.01,November
1815,2025-09-05,Sports,East,Upi,19,434.86,8262.34,September
1242,2025-03-15,Home & Kitchen,West,Net Banking,13,20.42,265.46,March
1343,2025-04-14,Electronics,West,Cash,1,461.05,461.05,April
1550,2025-06-16,Home & Kitchen,South,Credit Card,10,414.29,4142.9,June
1387,2025-04-28,Clothing,South,Debit Card,17,380.85,6474.45,April
2130,2025-12-09,Home & Kitchen,West,Credit Card,13,326.14,4239.82,December
1967,2025-10-21,Toys,South,Upi,21,29.96,629.16,October
1207,2025-03-04,Books,North,Upi,17,105.12,1787.04,March
1296,2025-03-31,Books,East,Debit Card,3,118.29,354.87,March
1696,2025-07-30,Electronics,North,Credit Card,21,466.61,9798.81,July
2064,2025-11-19,Books,East,Debit Card,10,58.48,584.8,November
1074,2025-01-23,Books,West,Credit Card,15,118.65,1779.75,January
1606,2025-07-03,Home & Kitchen,South,Net Banking,7,333.44,2334.08,July
1105,2025-02-01,Electronics,East,Upi,4,89.99,359.96,February
2029,2025-11-09,Electronics,East,Debit Card,7,248.95,1742.65,November
2121,2025-12-07,Electronics,West,Credit Card,7,442.22,3095.54,December
2198,2025-12-30,Books,South,Upi,14,194.69,2725.66,December
1017,2025-01-05,Toys,East,Debit Card,2,36.68,73.36,January
1440,2025-05-14,Toys,East,Debit Card,17,244.17,4150.89,May
1092,2025-01-28,Sports,East,Credit Card,12,126.45,1517.4,January
1089,2025-01-27,Sports,South,Credit Card,16,115.07,1841.12,January
2063,2025-11-19,Clothing,North,Cash,3,481.92,1445.76,November
1909,2025-10-03,Toys,East,Cash,19,104.76,1990.44,October
1451,2025-05-17,Home & Kitchen,East,Debit Card,17,91.87,1561.79,May
1718,2025-08-06,Clothing,South,Debit Card,5,204.59,1022.95,August
1103,2025-01-31,Electronics,West,Cash,11,349.73,3847.03,January
1239,2025-03-14,Clothing,North,Cash,9,350.98,3158.82,March
1069,2025-01-21,Clothing,East,Upi,4,307.22,1228.88,January
1943,2025-10-13,Clothing,East,Debit Card,3,374.8,1124.4,October
1247,2025-03-16,Toys,North,Cash,8,280.88,2247.04,March
1939,2025-10-12,Toys,South,Debit Card,13,117.0,1521.0,October
2196,2025-12-29,Electronics,South,Cash,8,301.73,2413.84,December
1158,2025-02-17,Home & Kitchen,West,Credit Card,7,190.86,1336.02,February
1480,2025-05-26,Books,West,Debit Card,22,338.02,7436.44,May
1646,2025-07-15,Sports,West,Upi,14,290.54,4067.56,July
1006,2025-01-02,Clothing,West,Credit Card,10,448.2,4482.0,January
2104,2025-01-12,Sports,West,Cash,19,209.08,3972.52,January
1872,2025-09-22,Electronics,North,Credit Card,5,350.1,1750.5,September
1966,2025-10-20,Clothing,West,Upi,19,482.82,9173.58,October
1019,2025-01-06,Clothing,South,Debit Card,3,149.73,449.19,January
2026,2025-11-08,Toys,East,Cash,5,123.95,619.75,November
1122,2025-02-06,Electronics,South,Credit Card,6,212.54,1275.24,February
1947,2025-10-15,Home & Kitchen,East,Debit Card,18,304.97,5489.46,October
1662,2025-07-20,Electronics,West,Net Banking,12,410.28,4923.36,July
2025,2025-11-07,Toys,East,Upi,22,197.42,4343.24,November
1275,2025-03-25,Books,North,Upi,19,285.26,5419.94,March
1434,2025-05-12,Sports,East,Upi,13,445.31,5789.03,May
1812,2025-04-09,Electronics,East,Upi,8,487.47,3899.76,April
2156,2025-12-17,Sports,South,Cash,13,76.02,988.26,December
1312,2025-05-04,Sports,East,Debit Card,13,340.38,4424.94,May
2140,2025-12-12,Toys,West,Net Banking,18,237.21,4269.78,December
2152,2025-12-16,Books,North,Cash,9,285.1,2565.9,December
1781,2025-08-25,Electronics,West,Net Banking,2,248.95,497.9,August
1547,2025-06-15,Sports,South,Debit Card,12,196.72,2360.64,June
1182,2025-02-24,Electronics,East,Upi,17,384.42,6535.14,February
1185,2025-02-25,Electronics,East,Debit Card,22,377.11,8296.42,February
1407,2025-05-04,Electronics,North,Upi,2,244.85,489.7,May
1866,2025-09-20,Sports,North,Debit Card,15,183.73,2755.95,September
1521,2025-06-07,Electronics,North,Credit Card,38,253.13,9745.5,June
2004,2025-01-11,Toys,East,Upi,8,459.61,3676.88,January
1381,2025-04-26,Toys,West,Credit Card,18,237.21,4269.78,April
1428,2025-10-05,Toys,East,Debit Card,10,389.64,3896.4,October
1079,2025-01-24,Books,North,Credit Card,3,367.54,1102.62,January
2010,2025-11-03,Toys,South,Cash,5,63.52,317.6,November
1191,2025-02-27,Home & Kitchen,South,Upi,13,372.42,4841.46,February
1608,2025-04-07,Electronics,North,Net Banking,10,204.19,2041.9,April
2081,2025-11-24,Books,East,Credit Card,20,308.75,6175.0,November
2110,2025-12-03,Toys,West,Credit Card,16,192.03,3072.48,December
1538,2025-06-13,Electronics,North,Debit Card,4,401.72,1606.88,June
1959,2025-10-18,Electronics,North,Debit Card,4,18.79,75.16,October
1560,2025-06-19,Electronics,North,Net Banking,7,307.67,2153.69,June
1847,2025-09-14,Books,East,Credit Card,22,234.8,5165.6,September
1691,2025-07-29,Sports,West,Debit Card,19,405.16,7698.04,July
2185,2025-12-26,Clothing,East,Credit Card,4,475.51,1902.04,December
2138,2025-12-12,Electronics,East,Credit Card,18,67.78,1220.04,December
1437,2025-05-13,Books,West,Net Banking,24,247.25,5934.0,May
1491,2025-05-29,Toys,South,Credit Card,7,80.26,561.82,May
2119,2025-12-06,Sports,East,Debit Card,13,203.35,2643.55,December
1070,2025-01-21,Toys,West,Upi,5,84.38,421.9,January
1809,2025-09-03,Toys,West,Net Banking,18,120.74,2173.32,September
1012,2025-04-01,Home & Kitchen,West,Net Banking,7,354.2,2479.4,April
1145,2025-02-13,Home & Kitchen,South,Net Banking,19,42.47,806.93,February
1918,2025-10-06,Toys,West,Upi,6,445.51,2673.06,October
1640,2025-07-13,Clothing,South,Upi,1,202.76,202.76,July
1177,2025-02-23,Books,North,Upi,5,7.63,38.15,February
1995,2025-10-29,Sports,South,Net Banking,3,13.04,39.12,October
1441,2025-05-14,Sports,South,Net Banking,4,419.92,1679.68,May
1522,2025-06-08,Books,North,Net Banking,2,29.87,59.74,June
2005,2025-11-01,Books,North,Cash,1,326.65,326.65,November
1144,2025-02-13,Sports,North,Upi,23,235.82,5423.86,February
1754,2025-08-17,Sports,East,Debit Card,3,241.29,723.87,August
1520,2025-07-06,Clothing,South,Cash,6,257.38,1544.28,July
1823,2025-09-07,Clothing,South,Upi,5,293.71,1468.55,September
1429,2025-05-10,Toys,East,Debit Card,15,431.79,6476.85,May
1613,2025-07-05,Clothing,North,Net Banking,21,347.07,7288.47,July
2033,2025-11-10,Home & Kitchen,South,Debit Card,20,268.28,5365.6,November
1157,2025-02-17,Home & Kitchen,East,Debit Card,11,41.68,458.48,February
1540,2025-06-13,Home & Kitchen,South,Credit Card,1,376.63,376.63,June
1462,2025-05-20,Books,East,Debit Card,3,234.8,704.4,May
1577,2025-06-24,Home & Kitchen,West,Debit Card,23,44.08,1013.84,June
1256,2025-03-19,Home & Kitchen,North,Debit Card,16,413.58,6617.28,March
1980,2025-10-25,Books,North,Upi,10,150.21,1502.1,October
2007,2025-11-02,Home & Kitchen,East,Cash,15,204.0,3060.0,November
1561,2025-06-20,Books,North,Debit Card,20,340.86,6817.2,June
1209,2025-03-05,Toys,North,Net Banking,19,124.54,2366.26,March
1911,2025-10-04,Sports,South,Debit Card,17,346.1,5883.7,October
1002,2025-01-01,Sports,West,Debit Card,2,294.3,588.6,January
1270,2025-03-23,Clothing,East,Credit Card,24,208.54,5004.96,March
1266,2025-03-22,Electronics,East,Cash,16,429.72,6875.52,March
1915,2025-10-05,Toys,South,Net Banking,8,13.02,104.16,October
1231,2025-03-11,Toys,West,Debit Card,19,237.21,4506.99,March
1865,2025-09-20,Electronics,East,Cash,4,137.75,551.0,September
2067,2025-11-20,Clothing,West,Net Banking,16,272.98,4367.68,November
1874,2025-09-23,Books,West,Upi,19,322.54,6128.26,September
2090,2025-11-27,Home & Kitchen,West,Debit Card,22,352.36,7751.92,November
1399,2025-05-01,Electronics,East,Debit Card,6,35.97,215.82,May
2113,2025-12-04,Sports,South,Credit Card,22,255.44,5619.68,December
1046,2025-01-14,Electronics,North,Upi,9,181.66,1634.94,January
1162,2025-02-18,Clothing,North,Debit Card,11,281.73,3099.03,February
1992,2025-10-28,Clothing,East,Cash,14,706.21125,9886.96,October
1728,2025-09-08,Home & Kitchen,East,Debit Card,2,330.79,661.58,September
1630,2025-07-10,Clothing,South,Upi,18,275.61,4960.98,July
1289,2025-03-29,Home & Kitchen,South,Upi,13,272.32000000000005,3540.16,March
2060,2025-11-18,Clothing,South,Net Banking,17,425.73,7237.41,November
2193,2025-12-28,Sports,West,Credit Card,23,323.76,7446.48,December
1576,2025-06-24,Electronics,South,Net Banking,1,173.29,173.29,June
1851,2025-09-16,Clothing,West,Debit Card,8,109.51,876.08,September
1912,2025-04-10,Electronics,South,Cash,9,412.52,3712.68,April
2106,2025-12-02,Home & Kitchen,West,Upi,21,129.19,2712.99,December
1933,2025-10-10,Electronics,West,Net Banking,3,303.56,910.68,October
2101,2025-11-30,Toys,West,Debit Card,2,200.99,401.98,November
1248,2025-03-16,Sports,South,Net Banking,19,24.29,461.51,March
1477,2025-05-25,Toys,East,Cash,11,423.33,4656.63,May
1086,2025-01-26,Books,South,Debit Card,5,124.56,622.8,January
1470,2025-05-23,Toys,East,Net Banking,13,287.77,3741.01,May
1226,2025-03-10,Toys,South,Credit Card,17,165.63,2815.71,March
1775,2025-08-23,Electronics,South,Cash,9,248.95,2240.55,August
1332,2025-11-04,Toys,South,Upi,7,306.8,2147.6,November
1234,2025-03-12,Home & Kitchen,South,Net Banking,4,408.4,1633.6,March
1589,2025-06-28,Home & Kitchen,North,Net Banking,15,299.63,4494.45,June
1476,2025-05-25,Sports,South,Upi,6,280.61,1683.66,May
1600,2025-01-07,Home & Kitchen,South,Net Banking,11,452.66,4979.26,January
1422,2025-05-08,Clothing,South,Debit Card,5,33.2,166.0,May
1183,2025-02-25,Home & Kitchen,West,Credit Card,5,706.21125,3531.06,February
1989,2025-10-27,Toys,East,Upi,5,5.55,27.75,October
2001,2025-10-31,Toys,West,Cash,18,71.62,1289.16,October
1050,2025-01-15,Books,North,Credit Card,38,157.36,6058.36,January
2145,2025-12-14,Electronics,South,Credit Card,15,299.64,4494.6,December
2030,2025-11-09,Clothing,West,Net Banking,4,92.56,370.24,November
1530,2025-06-10,Electronics,East,Cash,15,122.55,1838.25,June
1487,2025-05-28,Toys,West,Debit Card,2,435.98,871.96,May
1498,2025-05-31,Clothing,South,Upi,21,149.27,3134.67,May
1107,2025-02-02,Home & Kitchen,West,Credit Card,22,208.92,4596.24,February
1444,2025-05-15,Home & Kitchen,South,Upi,21,206.37,4333.77,May
1647,2025-07-16,Clothing,North,Net Banking,5,234.67,1173.35,July
2037,2025-11-11,Toys,East,Debit Card,23,407.17,9364.91,November
1727,2025-08-09,Electronics,East,Credit Card,8,339.53,2716.24,August
1283,2025-03-27,Sports,West,Debit Card,1,24.27,24.27,March
1030,2025-01-09,Home & Kitchen,South,Credit Card,13,329.31,4281.03,January
1170,2025-02-21,Books,East,Debit Card,17,362.76,6166.92,February
2002,2025-10-31,Sports,South,Debit Card,20,51.74,1034.8,October
1101,2025-01-31,Sports,East,Net Banking,24,217.33,5215.92,January
1198,2025-03-01,Books,North,Upi,7,706.21125,4943.48,March
1496,2025-05-31,Books,South,Upi,12,460.77,5529.24,May
1648,2025-07-16,Electronics,North,Credit Card,6,63.76,382.56,July
1988,2025-10-27,Sports,South,Debit Card,19,151.43,2877.17,October
1045,2025-01-14,Sports,North,Cash,13,270.1,3511.3,January
1711,2025-08-04,Books,North,Cash,20,62.6,1252.0,August
1374,2025-04-24,Home & Kitchen,North,Debit Card,23,427.01,9821.23,April
1679,2025-07-25,Sports,North,Upi,11,241.29,2654.19,July
1567,2025-06-21,Sports,North,Credit Card,4,241.29,965.16,June
1848,2025-09-15,Clothing,North,Net Banking,6,172.04,1032.24,September
1461,2025-05-20,Electronics,West,Net Banking,14,287.58,4026.12,May
1040,2025-12-01,Books,West,Upi,11,59.66,656.26,December
1435,2025-05-12,Books,West,Net Banking,5,188.88,944.4,May
1974,2025-10-23,Books,West,Cash,16,302.45,4839.2,October
2008,2025-02-11,Toys,South,Cash,21,365.82,7682.22,February
1457,2025-05-19,Sports,North,Net Banking,3,278.57,835.71,May
1261,2025-03-20,Electronics,North,Net Banking,3,51.98,155.94,March
1036,2025-11-01,Toys,East,Credit Card,24,333.79,8010.96,November
1828,2025-09-09,Home & Kitchen,North,Upi,8,296.23,2369.84,September
1310,2025-04-04,Toys,North,Cash,14,230.11,3221.54,April
1277,2025-03-25,Electronics,South,Net Banking,8,248.95,1991.6,March
1655,2025-07-18,Sports,East,Debit Card,13,331.07,4303.91,July
1623,2025-07-08,Sports,South,Credit Card,20,147.53,2950.6,July
1845,2025-09-14,Home & Kitchen,East,Cash,21,465.55,9776.55,September
1394,2025-04-30,Sports,South,Net Banking,23,120.09,2762.07,April
1108,2025-02-02,Home & Kitchen,North,Cash,11,435.91,4795.01,February
1350,2025-04-16,Electronics,South,Credit Card,21,46.86,984.06,April
1525,2025-06-09,Books,West,Debit Card,4,221.9,887.6,June
1785,2025-08-27,Electronics,West,Cash,4,17.76,71.04,August
1048,2025-01-15,Books,West,Upi,6,415.14,2490.84,January
1204,2025-03-03,Toys,East,Upi,14,239.59,3354.26,March
1022,2025-01-07,Electronics,South,Debit Card,2,154.02,308.04,January
1403,2025-05-03,Electronics,North,Cash,1,174.61,174.61,May
2108,2025-03-12,Toys,North,Cash,22,294.35,6475.7,March
2155,2025-12-17,Clothing,North,Net Banking,20,151.68,3033.6,December
1990,2025-10-28,Books,South,Credit Card,8,139.62,1116.96,October
1742,2025-08-13,Books,North,Net Banking,24,479.27,11502.48,August
2148,2025-12-15,Sports,South,Credit Card,19,176.01,3344.19,December
1034,2025-01-11,Books,North,Cash,17,39.89,678.13,January
1788,2025-08-27,Clothing,South,Debit Card,24,345.58,8293.92,August
1924,2025-08-10,Electronics,East,Net Banking,2,433.45,866.9,August
2181,2025-12-25,Sports,West,Upi,10,468.29,4682.9,December
1580,2025-06-25,Books,North,Net Banking,13,174.98,2274.74,June
1482,2025-05-27,Home & Kitchen,East,Upi,4,113.01,452.04,May
1932,2025-10-10,Books,East,Upi,21,299.15,6282.15,October
1357,2025-04-19,Sports,East,Debit Card,10,443.62,4436.2,April
1760,2025-08-19,Sports,East,Debit Card,13,218.49,2840.37,August
1093,2025-01-28,Clothing,North,Net Banking,6,33.58,201.48,January
2176,2025-12-23,Books,North,Credit Card,11,362.42,3986.62,December
1804,2025-01-09,Clothing,West,Cash,4,54.62,218.48,January
1746,2025-08-15,Books,West,Upi,1,458.63,458.63,August
1280,2025-03-26,Toys,East,Net Banking,7,383.35,2683.45,March
1765,2025-08-20,Electronics,East,Cash,4,244.59,978.36,August
1605,2025-07-03,Electronics,West,Debit Card,12,110.16,1321.92,July
1401,2025-05-02,Books,North,Upi,12,405.47,4865.64,May
1258,2025-03-20,Books,East,Debit Card,22,128.26,2821.72,March
1945,2025-10-14,Clothing,South,Cash,4,34.67,138.68,October
2097,2025-11-29,Electronics,West,Cash,16,384.43,6150.88,November
2162,2025-12-19,Sports,West,Debit Card,13,378.79,4924.27,December
1495,2025-05-30,Sports,North,Credit Card,6,245.63,1473.78,May
1773,2025-08-23,Electronics,East,Net Banking,10,489.29,4892.9,August
1551,2025-06-16,Electronics,North,Upi,15,264.74,3971.1,June
1202,2025-03-03,Books,West,Debit Card,20,318.03,6360.6,March
1313,2025-04-05,Electronics,South,Debit Card,2,189.7,379.4,April
1291,2025-03-30,Toys,North,Cash,8,495.39,3963.12,March
1764,2025-08-20,Sports,South,Debit Card,18,422.89,7612.02,August
2137,2025-12-11,Sports,North,Debit Card,10,172.35,1723.5,December
1950,2025-10-16,Toys,North,Net Banking,11,368.4,4052.4,October
1184,2025-02-25,Toys,South,Cash,4,392.07,1568.28,February
2177,2025-12-24,Books,North,Cash,16,24.94,399.04,December
2069,2025-11-21,Electronics,South,Debit Card,24,33.23,797.52,November
2031,2025-11-09,Home & Kitchen,West,Credit Card,1,493.73,493.73,November
1251,2025-03-17,Books,East,Upi,5,449.47,2247.35,March
1824,2025-07-09,Clothing,South,Cash,1,10.59,10.59,July
2100,2025-11-30,Books,South,Debit Card,4,339.45,1357.8,November
1941,2025-10-13,Books,South,Cash,1,120.5,120.5,October
1392,2025-04-29,Home & Kitchen,South,Debit Card,6,166.5,999.0,April
2192,2025-12-28,Clothing,South,Credit Card,1,222.73,222.73,December
1905,2025-10-02,Clothing,South,Debit Card,5,216.61,1083.05,October
1731,2025-08-10,Toys,West,Net Banking,16,94.98,1519.68,August
1555,2025-06-18,Clothing,South,Debit Card,6,244.845,1469.07,June
1367,2025-04-22,Home & Kitchen,East,Upi,20,235.18,4703.6,April
1346,2025-04-15,Sports,South,Net Banking,21,180.69,3794.49,April
1536,2025-12-06,Home & Kitchen,East,Net Banking,24,90.88,2181.12,December
1920,2025-06-10,Sports,South,Debit Card,15,150.56,2258.4,June
1212,2025-06-03,Electronics,North,Upi,10,454.38,4543.8,June
1503,2025-06-02,Toys,East,Upi,4,235.82,943.28,June
1176,2025-02-23,Clothing,East,Debit Card,19,244.57,4646.83,February
